,band_gap,poly_total,poly_electronic,poly_ionic,n,density,volume,space_group,nsites
band_gap,1.0,-0.275,-0.305,-0.105,-0.542,-0.359,-0.141,0.002,0.077
poly_total,-0.275,1.0,0.753,0.745,0.712,0.286,-0.034,0.079,-0.064
poly_electronic,-0.305,0.753,1.0,0.122,0.899,0.239,-0.04,0.065,-0.069
poly_ionic,-0.105,0.745,0.122,1.0,0.163,0.189,-0.011,0.053,-0.027
n,-0.542,0.712,0.899,0.163,1.0,0.389,-0.038,0.05,-0.1
density,-0.359,0.286,0.239,0.189,0.389,1.0,-0.128,0.029,-0.097
volume,-0.141,-0.034,-0.04,-0.011,-0.038,-0.128,1.0,-0.304,0.666
space_group,0.002,0.079,0.065,0.053,0.05,0.029,-0.304,1.0,-0.385
nsites,0.077,-0.064,-0.069,-0.027,-0.1,-0.097,0.666,-0.385,1.0
