material_id,formula,band_gap,poly_total,poly_electronic,ionic_polarization_fraction,density,volume,cluster
mp-441,Rb2Te,1.88,6.23,3.44,0.4478330658105939,3.108,159.501207678,2
mp-22881,CdCl2,3.52,6.73,3.16,0.5304606240713223,3.6109,84.2980965532,2
mp-28013,MnI2,1.17,10.64,4.97,0.5328947368421052,4.7322,108.335875169,0
mp-567290,LaN,1.12,17.99,7.04,0.6086714841578655,5.7604,88.162562026,0
mp-560902,MnF2,2.87,7.12,2.35,0.669943820224719,3.7264,82.8264012678,2
mp-22894,AgI,1.4,7.16,4.97,0.3058659217877095,5.329,146.31155269299998,0
mp-1747,K2Te,2.14,6.22,3.47,0.4421221864951768,2.4503,139.467818426,2
mp-971,K2O,1.71,9.24,3.18,0.6558441558441558,2.2912,68.26890106729999,2
mp-1500,BaS,2.15,14.95,4.8100000000000005,0.6782608695652175,4.1789,67.3095882287,2
mp-2784,Na2Te,2.02,7.88,4.32,0.4517766497461929,2.9234,98.597229912,2
mp-2693,SnSe,0.12,45.7,45.7,0.0,5.8844,55.7845717661,0
mp-1672,CaS,2.38,12.09,4.99,0.587262200165426,2.5653,46.6951242447,2
mp-2530,Li2Te,2.5,8.42,4.97,0.4097387173396675,3.3785,69.5378946656,2
mp-1186,ZrS2,1.05,35.9,8.05,0.775766016713092,3.3073,77.9966094876,2
mp-8426,K2Se,2.09,6.37,3.3,0.4819466248037676,2.2364,116.698690065,2
mp-568264,SiSe2,2.15,4.82,3.85,0.2012448132780082,2.8897,213.795473732,1
mp-1315,MgS,2.76,16.02,5.4,0.6629213483146067,2.6186,35.7434887297,2
mp-567259,CdI2,2.42,10.7,4.73,0.5579439252336449,5.0904,119.460933514,0
mp-27934,CdBr2,2.94,7.48,3.54,0.5267379679144385,4.4125,204.883255314,2
mp-2114,YN,0.15,120.01,15.43,0.871427381051579,5.7428,29.7575464199,0
mp-8177,HgF2,0.97,12.36,3.84,0.6893203883495146,8.7733,45.1577944395,0
mp-2097,SnO,0.41,18.73,7.29,0.6107848371596369,5.9424,75.28545173180001,0
mp-604884,BN,4.42,5.08,3.84,0.2440944881889763,2.1281,38.7289646409,2
mp-617,PtO2,1.6,9.29,7.44,0.1991388589881593,9.1986,40.9922057139,0
mp-1022,K2S,2.32,6.36,3.1,0.5125786163522011,1.7607,103.981990274,2
mp-422,BeS,3.14,7.26,5.26,0.2754820936639118,2.3554,28.9558083259,2
mp-23205,MgI2,3.62,6.72,3.67,0.4538690476190476,3.8924,118.643076511,2
mp-22867,RbBr,4.19,5.69,2.45,0.5694200351493849,3.1644,86.78051080680001,2
mp-22877,VCl2,1.25,5.18,3.92,0.2432432432432432,2.873,70.4227556857,0
mp-648,Na2S,2.44,7.04,3.51,0.5014204545454545,1.8269,70.9338407808,2
mp-570259,MgCl2,5.57,5.22,2.64,0.4942528735632184,2.1047,75.1136317601,2
mp-762,PtS2,1.54,10.9,10.14,0.0697247706422018,6.2034,69.3832905913,0
mp-1105,BaO2,2.23,17.11,3.52,0.7942723553477499,5.392,52.1468870527,2
mp-2352,Na2O,1.87,7.57,3.27,0.5680317040951123,2.3504,43.7885475453,2
mp-1115,PtSe2,0.8300000000000001,16.0,15.28,0.045,7.8217,74.9463454114,0
mp-1569,Be2C,1.17,14.92,7.0,0.5308310991957105,2.4613,20.2637521337,2
mp-28306,MnBr2,1.6,8.26,3.66,0.5569007263922517,3.8258,93.2083621977,2
mp-2286,Li2Se,2.97,7.84,4.32,0.4489795918367347,2.8272,54.5355754192,2
mp-23209,SrCl2,5.23,8.48,2.88,0.660377358490566,3.0084,87.49726892790001,2
mp-1285,PtO2,0.64,22.44,21.34,0.0490196078431372,11.2495,67.0381111474,0
mp-241,CdF2,2.9,9.02,2.8,0.6895787139689579,6.0291,41.425174546,2
mp-2251,Li3N,0.98,10.69,6.0,0.4387277829747428,1.2885,44.8825668292,2
mp-984,BN,4.48,4.68,3.5700000000000003,0.2371794871794872,1.9562,42.1326017323,2
mp-1266,Na2Se,2.02,7.52,3.96,0.473404255319149,2.5782,80.4777023717,2
mp-570538,NaN3,3.94,5.16,2.32,0.5503875968992248,1.7934,60.1963443688,2
mp-2659,LiN3,3.64,10.0,2.76,0.724,1.7901,45.4173134206,2
mp-8062,SiC,1.37,10.36,7.0,0.3243243243243243,3.1704,21.0005908394,0
mp-1778,BeO,6.85,7.2,3.11,0.5680555555555555,2.9707,13.980547968900002,2
mp-13150,BN,4.39,4.9,3.73,0.2387755102040816,2.0603,20.0020797757,2
mp-830,GaN,1.57,10.96,6.09,0.4443430656934306,5.9214,23.4804813386,0
mp-1479,BP,1.24,9.27,9.18,0.0097087378640776,2.9525,23.499701743400003,0
mp-22925,AgI,1.37,7.32,5.02,0.314207650273224,5.3243,73.2195814191,0
mp-2646,Mg3Sb2,0.22,32.38,14.8,0.5429277331686225,3.9367,133.474179494,0
mp-13033,MgTe,2.32,7.98,5.5,0.3107769423558897,3.6527,69.0566604377,0
mp-760,FeSe2,0.36,36.83,26.7,0.2750475156122726,7.0906,100.133223341,0
mp-1522,FeS2,0.87,27.48,21.06,0.2336244541484716,4.8932,81.42106939930001,0
mp-12779,CdTe,0.62,12.44,9.1,0.2684887459807074,5.4662,145.822681925,0
mp-559798,NiF2,4.8,5.2,2.51,0.5173076923076922,4.6553,68.9778629217,2
mp-7991,BN,4.16,4.52,3.46,0.2345132743362832,1.887,43.6773797461,2
mp-1602,SiS2,3.07,4.02,3.14,0.2189054726368159,1.6149,189.620986898,1
mp-22903,RbI,3.78,5.69,2.71,0.523725834797891,3.3599,104.957098894,2
mp-2815,MoS2,1.23,9.76,9.51,0.0256147540983606,4.0534,131.151054179,0
mp-1153,Li2S,3.39,7.42,3.86,0.4797843665768194,1.6293,46.8207140099,2
mp-23295,RbCl,4.84,5.65,2.28,0.5964601769911504,2.6719,75.1479181309,2
mp-1415,CaSe,2.08,12.47,5.62,0.549318364073777,3.7263,53.051373588,2
mp-827,KN3,4.16,6.21,2.47,0.6022544283413849,1.9329,139.379528874,2
mp-2341,Li3N,1.22,13.13,5.58,0.5750190403655749,1.6556,69.8615203909,2
mp-23268,NaI,3.53,8.36,3.33,0.6016746411483255,3.5723,69.6750949167,2
mp-2469,CdS,1.05,10.49,6.22,0.4070543374642516,4.5766,52.4182174245,0
mp-1087,SrS,2.5,11.87,4.65,0.6082561078348778,3.5659,55.7315376195,2
mp-1986,ZnO,0.63,11.35,6.01,0.4704845814977973,5.4449,24.8184374856,0
mp-2667,CsAu,1.02,10.21,4.99,0.5112634671890303,6.5143,84.0887507384,0
mp-2691,CdSe,0.51,12.93,8.96,0.3070378963650426,5.3008,59.952805122700006,0
mp-23210,MgCl2,5.62,5.07,2.59,0.4891518737672583,2.055,76.9298023956,2
mp-13031,MgSe,2.55,7.24,4.65,0.3577348066298342,3.175,54.0138230759,2
mp-22916,NaBr,4.09,7.3,2.8200000000000003,0.6136986301369863,3.1208,54.7485266625,2
mp-1519,CaTe,1.55,12.96,6.59,0.4915123456790123,4.2541,65.4508697092,0
mp-8041,Rb2S,1.96,6.61,3.18,0.518910741301059,2.7997,120.400478586,2
mp-22904,CaCl2,5.35,7.16,2.74,0.6173184357541899,2.1049,175.099416521,2
mp-23714,SrH2,3.15,12.24,4.08,0.6666666666666666,3.3178,179.44991098900002,2
mp-23713,CaH2,3.03,11.58,4.45,0.6157167530224525,1.9591,142.71732027299998,2
mp-510557,CsN3,4.22,7.0,2.54,0.6371428571428571,3.1565,184.052007165,2
mp-841,Li2O2,1.97,9.12,3.16,0.6535087719298246,2.2579,67.4796816976,2
mp-568619,SiC,1.75,10.49,7.08,0.325071496663489,3.1739,104.887738378,0
mp-23711,MgH2,3.63,11.04,4.05,0.6331521739130436,1.4501,120.562062681,2
mp-743,RbN3,4.17,6.16,2.46,0.6006493506493507,2.6725,158.43139513100002,2
mp-29145,H3N,4.33,2.99,2.19,0.2675585284280936,0.8446,133.930649312,2
mp-32780,AuCl,1.87,4.85,4.57,0.0577319587628866,6.8337,225.906552046,0
mp-736,Li3P,0.7000000000000001,11.41,6.87,0.3978965819456617,1.4622,117.638812633,1
mp-23715,BaH2,2.87,11.73,4.26,0.6368286445012787,4.1064,225.392332216,2
mp-24972,Fe2O3,1.53,19.87,6.21,0.6874685455460493,5.0302,105.430040065,0
mp-23189,BI3,2.68,2.94,2.77,0.0578231292517006,3.1013,419.248516628,1
mp-23214,CaCl2,5.39,7.17,2.75,0.6164574616457461,2.1205,173.81388193200002,2
mp-29443,PI2,1.93,4.25,3.79,0.108235294117647,3.3322,283.821027348,1
mp-22909,ZnCl2,4.05,5.2,2.87,0.4480769230769231,2.7546,164.305885687,2
mp-352,HfO2,4.02,18.75,4.8100000000000005,0.7434666666666666,9.9677,140.262134451,0
mp-19128,CoO,0.71,9.79,5.69,0.4187946884576098,5.1058,48.7399069997,0
mp-29266,CsS,1.71,5.86,3.0,0.4880546075085323,3.0965,176.931871642,1
mp-9252,HgS,1.69,12.33,6.58,0.4663422546634225,6.995,165.685768009,0
mp-224,WS2,1.56,9.31,9.25,0.0064446831364124,6.5764,125.219740775,0
mp-7140,SiC,2.3,10.58,7.08,0.330812854442344,3.1701,42.0055039451,2
mp-1821,WSe2,1.45,10.26,10.15,0.0107212475633528,7.8576,144.456546029,0
mp-568018,RbSb2,0.27,13.58,9.31,0.3144329896907216,4.2922,254.552186943,1
mp-2793,AuSe,0.26,11.29,10.76,0.0469441984056687,8.2239,111.4345837,0
mp-22917,CuBr,0.99,11.57,4.8,0.5851339671564391,5.1556,92.4065715356,0
mp-471,CdAs2,0.15,22.24,15.19,0.3169964028776978,5.4916,158.598820518,0
mp-9254,Al2Te5,1.04,18.62,9.01,0.5161117078410311,4.4569,257.80867658,1
mp-558071,RbS,1.7000000000000002,5.33,2.84,0.4671669793621013,2.5387,153.747367344,2
mp-602,Te2Mo,0.97,15.25,14.24,0.0662295081967213,6.9285,168.31758908,0
mp-556520,CoF2,3.07,6.24,2.61,0.5817307692307692,4.4326,72.62339140659999,2
mp-8882,GaP,1.3,12.51,10.35,0.1726618705035971,4.0101,83.3947991784,0
mp-8884,ZnTe,1.1,11.52,8.76,0.2395833333333333,5.409,118.488001162,0
mp-22888,CaBr2,4.53,7.65,3.13,0.5908496732026143,3.2269,205.721224166,2
mp-1634,MoSe2,1.42,11.73,10.66,0.0912190963341858,5.6929,148.112375589,0
mp-556911,FeF2,3.24,6.65,2.42,0.6360902255639098,4.0505,76.9424570154,2
mp-1873,ZnF2,3.48,8.14,2.56,0.6855036855036855,4.6735,73.4604470113,2
mp-8880,AlP,1.96,10.52,8.21,0.2195817490494296,2.3068,83.4378213072,0
mp-380,ZnSe,1.2,10.4,7.18,0.3096153846153846,5.0567,94.8044099269,0
mp-28248,CdI2,2.37,10.24,4.57,0.5537109375,4.9821,244.114950562,1
mp-8881,AlAs,1.69,11.55,9.5,0.1774891774891774,3.591,94.2439233584,0
mp-1591,Al4C3,1.32,17.83,8.17,0.5417835109366237,2.9309,81.5641330939,2
mp-1818,SiF4,7.72,2.17,1.63,0.2488479262672811,1.9734,87.5788872376,2
mp-28266,P2Pd,0.46,24.18,22.6,0.065343258891646,5.4312,102.95372147,0
mp-684,BaS2,1.58,10.3,4.98,0.516504854368932,3.6725,182.173441899,1
mp-555934,VF2,2.25,4.46,2.48,0.4439461883408072,3.7078,79.662409587,2
mp-8560,SF6,5.78,2.15,1.71,0.2046511627906976,2.2571,107.444948009,2
mp-560588,ZnS,2.08,9.1,5.83,0.3593406593406593,3.9915,81.0743188498,0
mp-566755,NiF2,4.8100000000000005,5.2,2.52,0.5153846153846154,4.6747,68.6912778345,2
mp-22003,NaN3,4.02,5.02,2.31,0.5398406374501993,1.7982,60.03513429270001,2
mp-23267,BeCl2,6.33,3.1,2.31,0.2548387096774193,1.6582,160.049382549,2
mp-927,CuP2,0.86,16.71,16.3,0.0245362058647516,4.2856,194.500184563,0
mp-487,MnP4,0.43,25.05,19.51,0.2211576846307385,4.0572,146.388796314,0
mp-29504,ClF,2.05,5.12,2.83,0.447265625,2.0908,172.969006,1
mp-505366,AuBr,1.69,5.37,4.8100000000000005,0.1042830540037244,7.2097,255.077110367,0
mp-27455,YCl3,4.93,4.92,2.61,0.4695121951219512,2.2994,282.011384225,2
mp-7446,Rb2S3,1.32,7.69,3.63,0.5279583875162548,2.7591,321.527892854,1
mp-7447,Rb2Se3,0.67,9.23,5.49,0.4052004333694474,3.7778,358.540836244,1
mp-7449,Cs2Se3,0.74,8.54,4.79,0.4391100702576113,4.0928,407.937132191,1
mp-7048,Al2O3,4.46,8.98,3.16,0.6481069042316259,3.5099,96.4748364448,2
mp-7029,SiO2,5.51,4.04,2.24,0.4455445544554455,2.1779,183.244567195,2
mp-554151,SiO2,5.73,3.74,2.15,0.4251336898395721,2.0609,193.642011575,2
mp-27397,IrBr3,1.56,5.5,5.16,0.0618181818181818,5.9287,241.955317102,0
mp-239,BaS3,1.37,13.58,5.94,0.5625920471281296,3.7553,206.51021701,1
mp-8943,PtF4,1.38,5.22,4.52,0.1340996168582375,6.5599,137.236190688,0
mp-2604,MgTe2,1.12,14.77,10.43,0.2938388625592417,5.1676,359.25818005,1
mp-8723,AsF5,4.6,2.35,1.82,0.225531914893617,2.7871,202.464824963,2
mp-28099,SBr,2.23,5.23,3.31,0.3671128107074569,2.434,305.544819901,1
mp-2068,RhF3,0.86,9.67,8.61,0.1096173733195449,5.2944,100.305301917,0
mp-8262,K2P3,0.71,8.48,4.8,0.4339622641509434,1.9149,296.781239141,1
mp-1106,Sr2Si,0.35,32.16,16.87,0.4754353233830846,3.3535,402.723991203,1
mp-568536,BaI2,3.05,17.76,4.34,0.7556306306306305,4.9721,391.880471391,1
mp-2400,NaS,1.23,8.23,4.08,0.5042527339003645,2.0146,181.502093245,1
mp-2552,TeO3,1.15,14.97,5.49,0.6332665330661322,5.9958,97.2640846036,0
mp-6949,InF3,4.02,6.1,2.28,0.6262295081967213,4.4451,128.367453982,2
mp-8511,PF5,7.09,2.14,1.7000000000000002,0.205607476635514,2.2865,182.96308114,2
mp-22896,LaCl3,3.65,10.22,3.74,0.6340508806262231,3.7187,219.03583951,2
mp-8289,SnF3,2.72,8.79,2.6,0.7042093287827077,3.4241,170.41869507,2
mp-23263,LaBr3,2.92,10.69,4.41,0.587464920486436,4.8719,258.099709313,1
mp-570589,SeBr,1.51,6.31,4.65,0.2630744849445325,3.6392,289.97615096,1
mp-25469,AlCl3,5.26,5.35,2.85,0.4672897196261683,2.2151,199.902781331,2
mp-558118,BeF2,8.09,3.39,1.74,0.4867256637168141,2.0749,112.862410931,2
mp-1340,Ga2Se3,1.04,12.03,7.96,0.3383208645054032,4.768,262.14516454200003,1
mp-8484,ZnO2,2.13,10.8,4.18,0.6129629629629629,5.3092,121.826762067,0
mp-871,FeSi,0.18,112.34,90.79,0.191828378137796,6.3254,88.1333635115,3
mp-559091,SiO2,5.44,3.84,2.15,0.4401041666666667,2.0432,195.322942348,2
mp-2030,RuS2,0.67,20.69,16.69,0.1933301111648139,6.0646,180.920258114,0
mp-20066,CO2,6.63,2.08,1.87,0.1009615384615384,1.4961,195.384509852,2
mp-468,AlF3,7.6,4.99,1.94,0.6112224448897795,3.0212,92.3102200416,2
mp-23297,BrF3,2.16,8.97,2.73,0.6956521739130435,3.2159,141.375171434,2
mp-1771,NO2,2.69,2.58,2.23,0.1356589147286821,1.6517,185.00605272400003,1
mp-19326,MnO2,1.0,17.32,10.14,0.4145496535796766,4.5106,128.018071886,0
mp-556197,FeF3,3.11,8.61,2.67,0.6898954703832754,3.413,109.798892089,2
mp-1880,SbF3,4.44,9.48,2.83,0.7014767932489452,4.2339,140.216301774,2
mp-27871,RhBr3,1.26,6.63,6.12,0.0769230769230769,4.9296,230.826920243,0
mp-19399,Cr2O3,2.44,11.05,6.32,0.4280542986425339,4.8929,103.163277499,0
mp-23739,SiH4,6.5600000000000005,2.47,2.22,0.1012145748987854,0.747,285.58425606,1
mp-1707,BaN6,3.82,7.57,2.98,0.6063408190224571,3.0917,237.796669685,2
mp-504769,N2O5,0.66,4.01,3.03,0.2443890274314214,2.011,178.37507088400002,1
mp-1317,CoSb3,0.17,92.27,81.92,0.1121708030779234,7.4408,378.679899767,3
mp-28395,B6P,2.48,7.82,7.53,0.037084398976982,2.5887,122.945302921,0
mp-624,B6As,2.65,8.08,7.67,0.0507425742574257,3.5523,130.68186168,0
mp-988,Si3N4,4.25,8.16,4.26,0.4779411764705882,3.1342,148.648834285,2
mp-18759,Mn3O4,0.6900000000000001,12.69,6.22,0.5098502758077226,4.5928,165.455008275,0
mp-25620,V2O5,2.16,13.67,4.88,0.6430138990490124,3.0539,197.794363967,2
mp-23237,BiF3,4.68,41.19,3.54,0.9140568099053168,7.5808,233.041239857,2
mp-1346,B6O,1.85,6.4,5.75,0.1015625,2.5959,103.448871661,0
mp-1582,As2O3,4.03,6.48,3.52,0.4567901234567901,3.6168,363.328413265,1
mp-28027,AsF3,5.36,5.24,2.19,0.58206106870229,3.0634,286.027405125,2
mp-306,B2O3,6.3,4.79,2.72,0.4321503131524008,2.3437,147.972053829,2
mp-730,P2Pt,1.02,22.83,19.65,0.1392904073587385,8.9578,190.583786142,0
mp-23291,PbCl2,3.79,34.55,4.71,0.8636758321273518,5.5349,333.73524074,1
mp-554089,SiO2,5.66,3.99,2.25,0.4360902255639097,2.2029,181.16394285400003,2
mp-409,NaS,0.87,7.43,3.69,0.5033647375504711,1.9892,275.730756016,1
mp-7440,NaP,0.87,15.33,8.18,0.4664057403783431,2.0525,349.26599227400004,1
mp-7457,SnF2,3.25,15.2,3.32,0.7815789473684212,4.4809,232.288389923,2
mp-2858,ZrO2,3.47,21.28,5.35,0.7485902255639098,5.5636,147.11041008,2
mp-2632,TlF3,1.26,15.97,3.89,0.7564182842830307,8.0235,216.374883843,0
mp-27488,Ta3N5,1.21,48.48,10.83,0.7766089108910891,9.7462,208.844022617,0
mp-570553,FeP4,0.8,23.67,19.47,0.1774397972116603,4.0883,292.018393443,1
mp-555235,SiO2,5.5,3.9,2.17,0.4435897435897435,2.0758,192.255006826,2
mp-13682,PdS2,0.6000000000000001,11.54,10.9,0.0554592720970537,4.2763,264.892581423,1
mp-9062,RbS,1.56,6.24,3.04,0.5128205128205129,2.7142,431.417022128,1
mp-1345,CaP,0.34,13.22,8.2,0.3797276853252647,2.4336,290.887168298,1
mp-22908,BiCl3,3.35,60.46,3.93,0.9349983460138936,4.1803,501.037566365,1
mp-23312,MoBr3,0.6900000000000001,5.23,4.51,0.1376673040152963,3.9435,565.372383718,1
mp-9063,RbSe,0.91,6.27,3.36,0.4641148325358852,3.3481,489.339770166,1
mp-23280,AsCl3,3.99,3.3,2.47,0.2515151515151515,2.0685,582.085308971,1
mp-1943,GaSe,1.24,8.61,6.49,0.2462253193960511,4.4084,224.03771484900005,1
mp-7456,SnF2,3.26,14.87,3.33,0.7760591795561533,4.4927,231.678387885,2
mp-29422,HfCl4,4.16,4.54,2.71,0.4030837004405286,3.2182,330.524991442,1
mp-9984,SnS2,1.49,12.48,6.12,0.5096153846153846,3.8408,158.089253408,0
mp-9816,GeF4,5.5,2.73,1.79,0.3443223443223443,2.7238,90.6071718993,2
mp-1224,HgO,1.19,9.78,5.59,0.4284253578732107,9.849,146.066700016,0
mp-558836,MoF6,4.25,2.56,1.92,0.25,2.4357,143.12250988,2
mp-9920,TiS3,0.23,14.62,10.04,0.3132694938440493,2.9406,162.684988962,0
mp-557308,ZnS,2.02,9.39,5.99,0.3620873269435569,3.9935,405.165398362,1
mp-9064,RbTe,0.43,6.77,4.2,0.379615952732644,3.5972,590.136084712,1
mp-561664,TeF4,4.02,10.99,2.59,0.7643312101910829,3.9639,341.15010704,1
mp-1922,RuSe2,0.31,25.71,19.58,0.2384286269933877,7.9311,216.91832636,0
mp-23230,PCl3,4.03,2.76,2.31,0.1630434782608696,1.5443,590.6372740019999,1
mp-9889,GaS,1.86,7.65,5.36,0.2993464052287581,3.3919,99.6589897571,0
mp-2418,PdSe2,0.51,14.4,13.42,0.0680555555555555,5.9371,295.75758575,0
mp-27529,PI3,2.27,4.11,3.64,0.1143552311435523,3.3596,406.9525249830001,1
mp-7441,KP,1.03,11.24,6.41,0.4297153024911032,2.0159,461.753899157,1
mp-7595,GeF2,4.06,23.92,2.9,0.87876254180602,3.421,214.791609392,2
mp-1554,KTe,0.2,7.39,4.73,0.3599458728010826,3.1475,527.6803915219999,1
mp-9854,YP5,0.13,15.11,13.24,0.1237590999338186,3.2978,245.50007326,1
mp-10281,ZnS,2.05,9.19,5.86,0.3623503808487486,3.9937,162.057441069,0
mp-588,GaF3,4.71,6.72,2.3,0.6577380952380952,4.2421,99.2059554589,2
mp-10694,ScF3,6.07,8.36,2.23,0.7332535885167465,2.5118,67.3987702254,2
mp-30034,MgBr2,4.47,5.92,3.03,0.4881756756756757,3.3294,91.8275350322,2
mp-571035,OsCl4,0.51,5.1,4.19,0.1784313725490196,4.0,137.838276752,0
mp-541582,ReSe2,1.14,12.11,11.68,0.0355078447563996,8.3787,272.82336045200003,0
mp-1253,BaSe,1.95,14.13,5.29,0.6256192498230715,4.8056,74.7411258288,2
mp-1394,Rb2O,1.32,14.11,3.49,0.7526576895818569,3.8174,81.31547494770001,2
mp-570886,BeI2,4.07,3.97,3.19,0.1964735516372796,3.5881,243.256984517,1
mp-571166,CaBr2,4.45,7.68,3.11,0.5950520833333334,3.1953,207.756348671,2
mp-1039,MgTe,2.36,8.0,5.49,0.31375,3.6488,138.26181167299998,0
mp-2758,SrSe,2.23,11.89,5.18,0.5643397813288478,4.4172,62.626446859,2
mp-2507,GaS,1.88,7.57,5.4,0.2866578599735799,3.4056,198.511437489,1
mp-720,TlF,3.2,20.91,3.8,0.8182687709230033,7.6252,194.578884351,0
mp-568656,SiC,2.01,10.52,7.12,0.3231939163498099,3.1719,209.90929789,1
mp-562100,NbS3,0.4,10.26,9.41,0.0828460038986354,3.8361,327.398254197,1
mp-9947,SiC,1.85,10.83,7.39,0.3176361957525392,3.1714,146.960668927,0
mp-29172,SeF4,4.14,6.68,2.31,0.6541916167664671,2.9865,344.649538152,1
mp-9946,ZnS,2.04,9.23,5.87,0.3640303358613217,3.9945,243.037074537,1
mp-539,Ga2S3,1.7000000000000002,10.23,5.87,0.426197458455523,3.4363,227.726767026,1
mp-7667,K2S3,1.29,8.01,3.89,0.5143570536828964,2.0321,284.988153443,1
mp-2517,Ca2Si,0.29,29.42,15.76,0.4643099932019034,2.1652,332.052954111,1
mp-566285,FeF3,2.68,6.15,2.22,0.6390243902439025,2.6035,287.876780371,1
mp-22872,SbCl3,3.74,7.67,2.95,0.6153846153846153,2.6287,576.387265231,1
mp-2160,Sb2Se3,0.76,63.53,15.76,0.7519282228868251,5.3422,597.341134374,1
mp-22855,HgCl2,2.87,5.14,3.08,0.4007782101167315,4.6027,391.783508227,1
mp-2184,As2O3,4.01,3.83,2.8,0.2689295039164491,3.2954,398.766445056,1
mp-7623,MgAs4,0.81,17.43,13.88,0.2036718301778542,4.4609,482.420390621,1
mp-22889,ZnCl2,4.04,5.12,2.81,0.451171875,2.6747,338.431709671,1
mp-30106,AsCl5,1.44,3.07,2.54,0.1726384364820847,1.9772,423.565823707,1
mp-561258,ZnS,2.03,9.29,5.91,0.3638320775026911,3.9947,405.046032146,1
mp-17173,Rh2S3,0.19,27.31,25.29,0.0739655803734895,6.2411,321.405483849,0
mp-568233,CdI2,2.37,10.54,4.68,0.5559772296015181,5.0614,240.292057403,1
mp-713,KAs,0.67,12.8,7.79,0.3914062499999999,2.8849,525.035281089,1
mp-13456,ZnS,2.04,9.27,5.9,0.3635382955771306,3.9945,202.530060917,1
mp-23184,BCl3,4.71,2.2,2.03,0.0772727272727272,1.3986,278.214474594,1
mp-19795,InS,1.35,15.16,8.77,0.4215039577836411,4.7571,205.081573995,0
mp-7709,ZnF2,3.56,8.38,2.55,0.6957040572792362,4.7509,144.529320169,2
mp-1958,SrTe,1.76,12.4,5.9,0.5241935483870968,4.702,76.0067008889,0
mp-1541,BeSe,2.67,7.72,6.0,0.2227979274611399,4.1954,34.8236819391,0
mp-252,BeTe,2.02,8.5,7.41,0.128235294117647,4.9851,45.5055164445,0
mp-7826,HgO,1.31,10.33,5.58,0.4598257502420135,9.8588,109.44162425,0
mp-2076,ZrSe2,0.33,58.33,12.3,0.7891308074747129,4.9357,83.8287930779,0
mp-11327,Rb2Se,1.8,6.79,3.31,0.5125184094256259,3.0979,133.956580025,2
mp-7808,BaP3,0.5700000000000001,16.29,10.02,0.3848987108655617,3.7672,202.982679409,1
mp-30139,BeBr2,5.18,3.23,2.51,0.2229102167182662,2.7557,203.45737488,2
mp-30373,RbAu,0.37,9.83,5.29,0.461851475076297,6.3211,74.1955325029,0
mp-557835,TlF,2.99,57.69,4.02,0.9303172126885076,7.9533,93.2769041048,0
mp-11714,SiC,2.22,10.54,7.13,0.3235294117647059,3.1719,83.96315911399999,0
mp-550172,SnO2,0.81,12.59,4.79,0.6195393169181891,6.6278,75.516858117,0
mp-27630,CrCl3,1.41,5.33,4.02,0.2457786116322702,2.6326,199.758934824,1
mp-223,GeO2,3.25,6.36,3.11,0.511006289308176,4.0431,128.9141414,2
mp-28483,WBr6,1.07,8.47,5.7,0.3270365997638724,4.4677,246.519431607,1
mp-27987,BrF5,3.44,3.16,2.18,0.310126582278481,2.8769,201.898543892,1
mp-571518,WCl6,1.92,4.94,3.55,0.2813765182186234,3.0364,216.856543826,1
mp-7812,GeO2,3.28,5.71,2.91,0.4903677758318738,3.6827,188.707766892,2
mp-7955,Li3Sb,0.48,12.39,8.29,0.33091202582728,2.9779,159.01010226399998,0
mp-402,CdP2,1.49,11.75,9.66,0.1778723404255319,4.0196,288.119460157,1
mp-19395,MnO2,1.09,14.16,8.66,0.3884180790960452,4.0034,144.237066082,0
mp-757,Li3As,0.64,12.09,7.56,0.3746898263027295,2.4549,129.522340873,0
mp-554278,TiO2,2.68,35.47,6.2,0.8252043980828869,3.6159,146.706323012,2
mp-555763,ZnS,2.06,9.34,5.73,0.386509635974304,3.9961,121.470683077,0
mp-14018,K3As,0.11,20.16,13.8,0.3154761904761904,2.0654,309.068736432,1
mp-23225,BBr3,3.83,2.37,2.22,0.0632911392405063,2.3783,349.83195613,1
mp-2008,FeAs2,0.28,48.93,30.62,0.3742080523196402,7.4242,92.0116202501,0
mp-2150,BaTe2,0.34,13.33,8.83,0.3375843960990247,5.4424,239.531538309,0
mp-2074,Li3Sb,0.7000000000000001,22.31,10.19,0.5432541461228149,3.352,70.631705341,0
mp-22691,InSe,0.54,9.68,7.18,0.2582644628099174,4.9446,130.162371176,0
mp-31040,NbCl4,1.08,6.3,3.5700000000000003,0.4333333333333333,2.5852,301.517512501,1
mp-2079,Rb2P3,0.76,8.15,4.55,0.4417177914110429,2.644,331.427650898,1
mp-7956,Na3Sb,0.4,17.54,10.98,0.3740022805017103,2.6472,239.28624744,1
mp-570219,InBr3,2.49,7.17,3.66,0.4895397489539749,4.1761,281.943152119,1
mp-557539,MoF3,3.5700000000000003,4.54,2.52,0.4449339207048458,4.0406,125.708689416,2
mp-567504,CrCl3,1.52,4.96,3.76,0.2419354838709677,2.4614,213.650284503,1
mp-13868,PdF4,0.71,6.22,5.5,0.1157556270096463,4.4734,135.42376469,0
mp-365,MgB4,0.36,24.54,11.61,0.5268948655256723,2.5043,179.15198638099997,1
mp-567505,SiC,1.78,10.49,7.1,0.3231649189704481,3.1696,168.046254141,1
mp-13852,Ge3N4,1.89,10.21,5.16,0.494613124387855,5.1221,177.60490853,0
mp-30275,BaP8,0.89,14.04,11.18,0.2037037037037037,3.1305,408.569495035,1
mp-554573,SiO2,5.62,3.9,2.19,0.4384615384615384,2.109,189.231551892,2
mp-7931,SrP,0.46,12.79,7.48,0.415168100078186,3.4366,343.822654413,1
mp-9922,HfS3,1.13,9.6,6.47,0.3260416666666667,5.0916,179.159333068,0
mp-304,Ca2Ge,0.31,29.9,16.56,0.4461538461538462,2.9911,339.27908183,1
mp-685146,CdTe,0.62,12.48,9.1,0.2708333333333333,5.4775,145.521117863,0
mp-23870,NaH,3.74,10.34,3.13,0.6972920696324951,1.3944,28.5783803525,2
mp-32669,Ag2S,1.3,11.71,8.85,0.2442356959863364,6.4228,128.132291283,0
mp-558852,FeF3,2.84,8.65,2.6,0.699421965317919,3.1399,179.027647854,2
mp-862868,PbBr2,2.5700000000000003,21.97,4.88,0.77787892580792,5.137,237.268939628,2
mp-753746,Rb2O,0.45,9.06,4.21,0.5353200883002207,3.2265,96.2077940261,0
mp-20027,FeP2,0.43,37.6,23.05,0.386968085106383,5.1331,76.2105922854,0
mp-556585,MnF2,2.77,7.67,2.38,0.6897001303780965,3.7912,162.821587978,2
mp-867785,RbF2,1.34,3.42,2.04,0.4035087719298245,2.7929,146.81206001299998,1
mp-24084,KH,3.43,8.32,2.72,0.673076923076923,1.4412,46.209178350600006,2
mp-7897,K3P,0.21,15.78,8.8,0.4423320659062104,1.701,289.48908491,1
mp-714882,MnO,1.6800000000000002,18.23,4.89,0.7317608337904553,5.1907,45.3866381865,2
mp-632326,HCl,5.82,2.77,2.04,0.2635379061371841,1.2676,95.5158282162,2
mp-2672,K2O2,2.34,6.31,2.54,0.5974643423137876,2.3121,158.281398177,2
mp-754815,YBr3,3.98,5.67,3.12,0.4497354497354497,3.4816,313.466114475,1
mp-634859,CaO2,2.73,19.63,3.38,0.8278145695364238,3.1508,37.9857757495,2
mp-554405,ZnS,2.07,9.19,5.87,0.3612622415669205,3.9951,202.501941276,1
mp-23710,MgH2,3.71,10.34,3.95,0.6179883945841392,1.4239,61.391611247,2
mp-24721,RbH,2.92,8.88,2.8,0.6846846846846847,2.6106,55.0051786663,2
mp-22142,SiSe2,2.17,4.42,3.53,0.2013574660633484,2.6006,237.563046505,1
mp-14017,K3Sb,0.39,13.83,8.09,0.4150397686189443,2.2445,353.715042532,1
mp-684969,Sc2S3,0.93,24.03,8.08,0.6637536412817311,2.8905,213.811700341,1
mp-27639,IBr,1.4,9.59,4.55,0.5255474452554745,3.4147,201.131618844,1
mp-556742,GaS,2.01,7.55,5.4,0.2847682119205298,3.4165,197.88060415,1
mp-38970,Ga2Te3,0.64,15.73,11.67,0.2581055308328035,5.2266,331.841581863,1
mp-570081,CuI,1.63,8.04,5.46,0.3208955223880597,5.6872,111.212819135,0
mp-27729,ICl3,1.77,4.71,3.16,0.3290870488322718,2.479,312.485336842,1
mp-27770,RhCl3,1.52,5.44,4.92,0.0955882352941176,3.4898,199.144733034,1
mp-715434,NiO,2.32,14.41,5.07,0.6481609993060374,6.676,37.1566479758,0
mp-11342,GaSe,1.22,8.68,6.53,0.2476958525345622,4.4144,111.866401028,0
mp-23933,AlH3,2.2,11.72,4.49,0.6168941979522184,1.4595,68.2763859793,2
mp-568690,CdBr2,2.88,7.79,3.68,0.527599486521181,4.5812,98.6711706866,2
mp-32616,Ga2S3,1.81,9.99,6.06,0.3933933933933934,3.4778,225.008609019,1
mp-11718,RbF,5.52,7.27,2.06,0.7166437414030262,3.6711,47.2531399323,2
mp-558134,TlF,3.01,39.49,4.0,0.8987085338060269,7.9218,187.295707394,0
mp-715460,CoO,0.59,10.46,6.39,0.3891013384321223,5.1361,48.4521915318,0
mp-568722,CdBr2,2.86,7.99,3.74,0.5319148936170213,4.6444,194.65365524,2
mp-555410,ZnS,2.06,9.2,5.89,0.3597826086956522,4.009,161.440401587,0
mp-27725,AuI,2.09,5.09,4.67,0.0825147347740668,6.7578,318.327515611,1
mp-545820,SnO,0.54,16.8,7.04,0.5809523809523809,5.8409,153.188428711,0
mp-27666,IrCl3,1.89,4.8100000000000005,4.44,0.0769230769230769,4.8894,202.800187572,0
mp-27678,Y2Cl3,0.76,9.87,6.53,0.3383991894630193,3.4328,274.915442528,1
mp-7868,PtO2,1.52,9.29,7.44,0.1991388589881593,9.2183,81.8093481185,0
mp-15668,NaSe,0.48,10.3,6.28,0.3902912621359222,3.2458,208.654070542,1
mp-11674,Al2Se3,1.8,9.35,5.93,0.3657754010695187,3.7031,260.86641193,1
mp-23222,Li3Bi,0.34,27.41,13.78,0.4972637723458592,4.992,76.4402840381,0
mp-7904,CdP4,0.65,25.16,12.82,0.4904610492845787,3.716,211.193719322,1
mp-11713,SiC,1.95,10.59,7.18,0.3220018885741265,3.1717,104.962271343,0
mp-15556,Rb2As3,0.4,9.1,5.53,0.3923076923076923,3.5176,373.595574994,1
mp-15951,BeF2,8.32,3.49,1.8,0.484240687679083,2.2227,105.355156063,2
mp-15622,HfSe3,0.32,13.04,9.55,0.2676380368098159,6.6608,207.118611277,0
mp-7548,BaSe3,0.93,16.35,8.17,0.5003058103975535,5.2506,236.713928864,0
mp-559550,SiO2,5.61,3.39,2.0,0.4100294985250737,1.8236,328.266185615,1
mp-1581,As2O3,3.62,6.57,3.41,0.4809741248097412,3.4676,378.967549247,1
mp-502,As4S5,1.99,5.45,4.45,0.18348623853211,2.7617,553.161159657,1
mp-15661,Sc4C3,0.33,76.72,28.67,0.626303441084463,3.7994,188.682784808,0
mp-15649,As2Ir,0.81,28.91,21.36,0.2611553095814597,10.4537,217.342989509,0
mp-567907,P3N5,3.55,8.22,4.02,0.510948905109489,2.6937,200.914089114,2
mp-14289,Ba3P4,0.48,19.43,9.75,0.4981986618630983,4.1226,431.69904842,1
mp-16031,Sn3N4,0.23,18.38,9.56,0.4798694232861806,7.165,191.041408075,0
mp-1247,Sb2Ir,0.49,34.62,24.86,0.2819179664933564,10.5689,273.845770677,0
mp-558380,Cr2F5,1.47,5.99,2.71,0.5475792988313856,3.449,191.599723565,1
mp-23290,PtCl2,1.82,3.73,3.62,0.0294906166219839,5.1336,516.2081318180001,1
mp-556767,ClF3,2.58,3.5,2.24,0.36,2.2624,271.399614362,1
mp-557266,HgO2,0.29,11.3,6.37,0.4362831858407079,8.0491,191.933924179,0
mp-542846,AsS,2.02,4.85,4.41,0.0907216494845361,2.895,490.915016196,1
mp-7944,NaSb,0.6000000000000001,19.73,14.14,0.2833248859604663,3.9317,489.081393825,1
mp-27988,IF7,1.47,2.5,1.98,0.208,3.2648,264.366988761,1
mp-569152,SnCl2,3.07,54.82,4.37,0.9202845676760308,3.5753,352.256577142,1
mp-33024,H2S,4.09,5.5,2.55,0.5363636363636364,1.1119,203.558657022,2
mp-561397,SO3,5.14,5.73,2.28,0.6020942408376964,2.1444,247.976562295,2
mp-2340,Na2O2,1.74,6.17,2.49,0.5964343598055105,2.524,153.905627707,2
mp-568971,Ag2Se,0.97,15.56,11.05,0.2898457583547557,7.0882,276.163791195,0
mp-19372,WO2,1.24,11.33,5.62,0.5039717563989409,9.5983,149.362187516,0
mp-754658,TeO3,1.25,9.8,4.28,0.5632653061224488,5.3593,217.630002138,0
mp-31050,Cl2O7,3.66,3.14,2.19,0.3025477707006369,2.0335,298.690800761,1
mp-401,Sc2S3,0.64,22.76,7.99,0.648945518453427,2.8721,430.370378914,1
mp-2310,CdO2,1.25,10.16,4.46,0.5610236220472441,6.0755,157.877003716,0
mp-226,FeS2,0.46,28.24,21.21,0.2489376770538243,5.0497,157.79762162,0
mp-864746,MoBr3,0.7000000000000001,5.33,4.59,0.1388367729831144,4.0373,552.2348912369999,1
mp-8713,K2MnS2,0.97,9.16,3.98,0.5655021834061135,2.3564,278.00771934200003,1
mp-5347,KAlF4,6.79,10.63,1.94,0.817497648165569,2.7772,84.9473970694,2
mp-568598,Cu2HgI4,0.3,12.02,8.59,0.2853577371048253,5.6903,243.751354114,0
mp-8719,K2MnTe2,0.85,9.06,4.85,0.4646799116997792,3.4312,375.872565793,1
mp-7604,Mg3NF3,3.58,9.01,2.81,0.6881243063263042,3.0884,77.37962771640001,2
mp-23940,NaHO,2.8200000000000003,6.37,2.33,0.6342229199372057,1.9548,67.9537493339,2
mp-5048,LiGaTe2,1.59,10.28,7.47,0.2733463035019455,4.4694,246.598897385,1
mp-9146,CdHgO2,0.37,9.58,5.8100000000000005,0.3935281837160752,8.2648,69.316378756,0
mp-8281,Ba(CdAs)2,0.16,110.48,97.63,0.1163106444605358,5.9571,142.717982917,3
mp-7090,NaMgSb,1.04,18.11,9.5,0.4754279403644395,3.3512,167.535341924,0
mp-5795,CaMg2N2,2.0,18.33,5.86,0.6803055100927442,2.8856,67.1578739882,2
mp-8658,CsNaSe,2.03,9.65,4.09,0.5761658031088083,3.7338,208.907664081,1
mp-7909,Al2CdTe4,1.62,10.72,7.98,0.2555970149253731,4.7507,236.556016022,1
mp-23486,RbNiCl3,0.72,10.28,3.5,0.6595330739299612,3.2463,256.282653791,1
mp-15703,BeCN2,3.85,7.15,4.79,0.33006993006993,3.2914,49.479355054,2
mp-7439,K3Cu3P2,1.29,11.66,7.28,0.3756432246998284,3.2518,188.881090728,1
mp-10408,K2CN2,3.15,7.28,2.67,0.6332417582417582,2.0969,93.620586505,2
mp-7979,K2PdF6,2.04,8.77,2.46,0.7194982896237172,3.4895,142.097827998,2
mp-541911,HfNCl,2.21,10.74,4.94,0.5400372439478585,7.1382,106.053761432,0
mp-9732,BaNaP,0.86,21.1,8.65,0.5900473933649288,3.6527,260.89087532900004,1
mp-7104,CsCaF3,6.9,9.2,2.31,0.7489130434782609,3.9661,96.2901266851,2
mp-9569,Ca(ZnP)2,0.88,20.23,11.12,0.4503213049925852,3.9798,97.1285296151,0
mp-3744,NaNbO2,1.38,11.2,8.2,0.2678571428571428,5.4148,90.7089034469,0
mp-570324,Rb2TeBr6,2.1,12.39,3.69,0.7021791767554478,3.7546,344.065015855,1
mp-7077,KAuS,2.1,13.63,4.34,0.681584739545121,4.9809,178.777628403,2
mp-7589,Mg2NF,2.13,11.06,3.79,0.6573236889692585,2.9899,90.6556710678,2
mp-27422,CsBiF6,2.8200000000000003,5.87,2.19,0.626916524701874,4.5007,168.19593887899998,2
mp-3762,VCu3S4,1.03,7.65,7.21,0.057516339869281,3.8722,158.592377255,0
mp-764673,Na3VO4,3.9,5.5,2.65,0.5181818181818182,2.4642,123.929097889,2
mp-28479,Sc2CCl2,0.88,20.94,6.71,0.6795606494746895,2.7581,104.048593208,2
mp-570256,Ag2HgI4,1.1,9.32,5.42,0.4184549356223175,5.4741,280.266709067,1
mp-7949,Rb2GeF6,5.8,7.53,2.07,0.7250996015936255,3.8976,152.33403849299998,2
mp-37879,LiYSe2,1.55,24.3,7.04,0.7102880658436215,4.4771,188.257625712,0
mp-7907,Al2ZnSe4,2.15,9.18,6.29,0.3148148148148148,4.1453,174.34518958799998,0
mp-23025,LaClO,4.07,18.31,4.29,0.7657018022938286,5.3166,118.910448814,2
mp-30062,Cs2PtBr6,1.43,7.78,3.52,0.5475578406169666,4.6305,337.210409767,1
mp-7849,AlAsO4,4.25,4.29,2.42,0.4358974358974359,2.7023,101.943673461,2
mp-29585,K4CdAs2,0.61,8.88,5.41,0.3907657657657657,2.501,277.955974533,1
mp-29209,Ba(MgBi)2,0.4,24.15,17.09,0.2923395445134575,5.7,175.92830914299998,0
mp-31212,K2MgF4,6.41,6.78,1.99,0.7064896755162242,2.7269,108.691969978,2
mp-8402,RbMgF3,6.94,6.48,2.19,0.662037037037037,3.9361,70.3544125452,2
mp-3448,KMgF3,6.95,6.88,2.06,0.7005813953488372,3.0019,66.5998383662,2
mp-3481,KSnAs,0.34,14.16,10.96,0.2259887005649717,3.9403,196.157839269,0
mp-14205,K3Cu3As2,1.28,12.31,7.78,0.3679935012185215,3.7889,200.626615443,1
mp-7297,Cs2SnF6,5.34,8.26,2.2,0.7336561743341404,4.4448,186.243650368,2
mp-23949,RbCaH3,3.27,11.55,3.15,0.7272727272727273,2.275,93.8456553736,2
mp-30460,YNiBi,0.21,29.37,26.76,0.0888661899897854,8.6341,68.5782031018,0
mp-752658,Y2SeO2,2.16,15.34,5.52,0.6401564537157758,5.4269,88.3628010006,0
mp-5394,LaSF,1.48,18.82,5.55,0.7051009564293305,5.4699,115.340644746,0
mp-5693,NaCrS2,0.98,13.53,8.55,0.3680709534368071,3.184,72.5469508095,0
mp-569028,Rb2SnBr6,1.31,11.0,3.26,0.7036363636363636,3.8336,333.124831881,1
mp-9385,RbAu3Se2,1.73,12.16,5.69,0.5320723684210527,7.1816,192.912512635,0
mp-33857,CrSbO4,0.86,9.31,5.2,0.4414607948442535,5.8315,67.7006470719,0
mp-15777,Zn(GaTe2)2,1.02,13.55,10.57,0.2199261992619926,5.356,221.744341249,0
mp-5072,Rb2HgO2,2.02,7.41,3.02,0.592442645074224,5.1699,129.608227872,0
mp-9250,RbLiSe,2.31,8.97,4.1,0.5429208472686733,3.4824,163.439361287,2
mp-549158,InCuO2,0.24,8.96,5.5,0.3861607142857142,6.1378,113.825905823,0
mp-2998,BaTiO3,1.67,7.87,6.87,0.1270648030495552,5.8918,65.7232228521,0
mp-9127,Ba(SbO3)2,2.86,9.94,3.45,0.6529175050301811,5.3575,147.79736609999998,2
mp-697133,Cs2CaH4,3.01,8.9,3.2,0.6404494382022472,3.09,166.552418765,2
mp-8224,CaSnF6,5.38,4.8,1.89,0.6062500000000001,2.9149,155.393999329,2
mp-14588,Na2PtSe2,0.86,14.24,7.49,0.4740168539325842,5.6653,233.902615873,0
mp-22958,KBrO3,3.85,7.12,2.74,0.6151685393258427,3.009,92.1589277412,2
mp-9610,Li2CN2,3.72,5.4,2.7,0.5,1.4791,60.5185689428,2
mp-24341,CsBeH3,3.22,5.04,2.25,0.5535714285714286,2.115,227.603258401,2
mp-8452,NaLiS,3.05,10.19,3.92,0.6153091265947007,1.9255,106.920286062,2
mp-3821,K2PtF6,2.5700000000000003,7.89,2.35,0.7021546261089988,4.4761,143.667948909,2
mp-7505,K2P2Pd,1.08,11.36,7.63,0.3283450704225352,3.0001,272.944636381,1
mp-556417,Rb2NiF6,2.42,5.2,2.24,0.5692307692307692,3.5945,158.737995958,2
mp-7436,KCuTe,0.6000000000000001,12.05,8.97,0.2556016597510373,4.3454,175.971601404,0
mp-23513,K2PtCl6,1.85,9.51,3.18,0.6656151419558359,3.2364,249.343945402,1
mp-23383,Rb2TeBr6,2.05,14.23,3.73,0.7378777231201686,3.7827,341.511331168,1
mp-9564,Ca(MgAs)2,1.26,16.28,9.08,0.4422604422604422,3.332,118.873905272,0
mp-7936,LiNbS2,0.71,15.48,12.01,0.2241602067183462,4.2421,128.36517087,0
mp-754596,RbGaO2,2.47,4.66,3.09,0.3369098712446352,4.1307,150.50012119,0
mp-7825,K2GeF6,5.8,8.51,2.03,0.7614571092831963,3.2124,136.886788616,2
mp-772231,RbCrO2,2.8,10.55,4.62,0.562085308056872,5.1506,54.6339562694,2
mp-7467,RbCuO2,0.91,6.09,4.04,0.3366174055829228,3.7086,162.099382651,0
mp-11869,HfSnPd,0.38,23.92,19.63,0.1793478260869565,10.4038,64.42130287260001,0
mp-571648,Rb2MnCl6,1.2,7.28,3.24,0.554945054945055,2.7783,262.127210885,1
mp-29754,SrLiN,0.26,13.48,6.78,0.4970326409495549,3.2711,110.224628777,0
mp-22977,CsVCl3,0.48,15.17,3.08,0.7969676994067237,3.2667,295.036925248,1
mp-22998,CrSBr,0.18,20.01,15.92,0.2043978010994502,3.6865,147.705613119,0
mp-554955,MgCrF6,1.53,5.98,2.53,0.5769230769230769,2.97,106.392636054,2
mp-557668,MnPtF6,1.87,5.74,3.4,0.4076655052264808,5.2332,115.502878358,0
mp-9919,LiZnSb,0.41,34.18,19.6,0.4265652428320655,5.1582,124.95634345,0
mp-22950,CsNiCl3,0.8200000000000001,9.97,3.48,0.6509528585757272,3.5797,276.427709963,1
mp-10667,SrAgP,0.11,277.78,256.84,0.0753833969328245,5.2608,142.963239097,3
mp-568661,Cd(InSe2)2,0.77,11.66,7.76,0.3344768439108062,5.1809,210.874072505,0
mp-15687,KZnAs,0.2,38.01,33.0,0.1318074191002367,3.602,82.70519817270001,0
mp-4359,Sr2PdO3,0.23,16.04,5.69,0.6452618453865336,5.8487,93.5949061032,0
mp-13947,Rb2HfF6,7.13,9.51,2.12,0.7770767613038906,4.6576,165.217522771,2
mp-9166,MgCN2,3.76,8.86,3.36,0.6207674943566592,2.3859,44.7731842203,2
mp-27832,Tl2SnCl6,2.48,100.8,3.52,0.9650793650793652,4.5483,270.225948366,2
mp-961684,LiCaAs,1.81,10.79,6.64,0.3846153846153847,2.7152,74.5758829322,2
mp-764362,LiNiF3,4.84,7.38,2.31,0.6869918699186992,3.8064,106.991744635,2
mp-697038,Ba2H6Ru,1.87,11.69,4.44,0.6201881950384944,4.8096,131.810282844,0
mp-22936,Ca2NCl,2.37,14.05,4.61,0.6718861209964412,2.7795,77.4332132428,2
mp-8753,K4HgP2,0.94,8.58,4.91,0.4277389277389277,2.7082,256.866861258,1
mp-27178,HgPS3,1.75,11.69,6.1,0.4781864841745081,4.2413,256.634126019,1
mp-6972,YCuO2,2.63,11.77,4.87,0.5862361937128293,4.864,62.9703082201,2
mp-27702,InClO,2.36,7.19,3.47,0.5173852573018081,4.2846,128.877479879,2
mp-4124,CaCN2,3.58,8.38,3.34,0.6014319809069212,2.237,59.4602290332,2
mp-754065,Hg(SbO3)2,0.52,14.44,5.2,0.6398891966759003,7.1378,125.649891737,0
mp-35539,Zn2GeSe4,1.39,10.78,7.62,0.2931354359925789,4.8141,179.115120872,0
mp-20187,LiInSe2,1.57,9.14,5.92,0.3522975929978118,4.2631,217.894296875,1
mp-567931,InSiTe3,0.46,19.83,12.55,0.3671205244578921,5.2918,329.925481789,1
mp-7482,RbHgF3,0.65,77.88,3.02,0.9612223934257832,5.7567,98.9547442982,0
mp-755287,Ca3CdO4,2.52,17.19,4.25,0.752763234438627,4.398,112.002449656,2
mp-28423,Ga2TeSe2,1.61,9.7,6.85,0.2938144329896907,4.6441,303.91473712,1
mp-28084,Rb2PdBr6,0.62,8.93,4.68,0.4759238521836506,4.1045,306.165540186,1
mp-3982,KCuO2,0.86,6.17,4.14,0.3290113452188006,3.0834,145.019684856,0
mp-27829,Rb2SeCl6,2.61,8.86,3.22,0.636568848758465,2.7898,275.352953375,1
mp-12535,K2ZnTe2,2.05,9.55,4.89,0.487958115183246,3.5909,368.811336996,1
mp-30284,HgAsO3,1.24,13.7,4.88,0.6437956204379562,6.4883,165.591371371,0
mp-20463,CaPbF6,3.46,5.49,2.06,0.6247723132969034,3.614,165.992220809,2
mp-16337,Ga2HgTe4,0.66,16.56,12.07,0.2711352657004831,5.9792,236.183821993,0
mp-3042,K2SiF6,7.22,5.95,1.86,0.6873949579831933,2.606,140.356025627,2
mp-23350,Rb2PtCl6,1.94,6.7,3.08,0.5402985074626866,3.6295,264.76783622,1
mp-540957,Cs2TeI6,1.39,12.91,4.84,0.6250968241673122,4.3668,439.138981014,1
mp-14983,Si4P4Ru,1.46,18.45,15.17,0.1777777777777777,3.6578,153.128126305,0
mp-23804,Mg2FeH6,1.91,17.13,5.5,0.6789258610624636,2.8148,65.1896942998,2
mp-568544,CsCdCl3,1.75,13.51,3.41,0.7475943745373798,3.8569,151.40597158100002,2
mp-20782,LiInTe2,1.38,10.12,7.21,0.2875494071146245,4.5867,272.94134742,1
mp-8411,Na2AgAs,0.73,20.65,11.57,0.4397094430992736,4.0321,188.428554562,0
mp-15724,KNa2Sb,0.67,19.41,9.14,0.5291087068521381,2.8904,118.827518441,0
mp-9573,NaBeAs,1.28,12.61,8.23,0.3473433782712133,3.0894,114.941042542,0
mp-7223,Ca3AsN,0.72,38.3,9.79,0.7443864229765014,3.2002,108.531333,2
mp-13275,NaSrP,1.24,18.47,7.87,0.5739036275040607,3.0485,231.36384362400003,1
mp-28171,K3IO,1.03,9.74,3.26,0.6652977412731006,2.7728,155.820925267,2
mp-23059,Rb2SnCl6,2.54,8.61,2.73,0.6829268292682927,2.954,282.388618388,1
mp-559408,NiPbF6,2.23,6.21,2.86,0.5394524959742352,5.5329,114.011076806,0
mp-9124,LiZnAs,0.55,22.95,15.95,0.3050108932461873,4.5769,53.4209408057,0
mp-27716,KTlO,1.17,10.75,4.97,0.5376744186046511,5.7932,148.751271809,0
mp-8208,Mg(PtO2)3,0.3,17.42,15.02,0.1377726750861079,10.0616,116.440615586,0
mp-27207,K2MgCl4,4.77,10.65,2.52,0.7633802816901409,2.0547,197.433920658,2
mp-862631,Ba2SbAu,0.6000000000000001,32.41,18.82,0.4193150262264734,6.8307,144.252312271,0
mp-15685,Na2CuAs,0.66,21.01,11.59,0.4483579247977153,3.6053,169.90805395,0
mp-7773,Na2AsAu,0.42,26.87,15.93,0.4071455154447339,5.6706,186.165457824,0
mp-18946,VBO3,1.82,9.62,4.6,0.5218295218295218,3.8758,94.0410236814,2
mp-641923,Cs2SnBr6,1.44,8.22,3.22,0.608272506082725,4.046,354.575910253,1
mp-27691,K2PtBr6,1.17,14.61,3.93,0.731006160164271,4.2323,295.319746287,1
mp-11022,ScAgO2,2.12,13.81,5.84,0.5771180304127443,5.3876,113.931320156,0
mp-8256,ZnPtF6,2.08,6.06,3.27,0.4603960396039604,5.8749,105.838077704,0
mp-5986,BaTiO3,1.73,11.53,5.91,0.4874241110147442,5.7354,67.5157794197,0
mp-9915,LiBeP,1.16,15.24,8.27,0.4573490813648294,1.9947,78.12979498060001,2
mp-30530,TlClO4,4.57,21.9,2.51,0.8853881278538813,4.2761,117.984353167,2
mp-4280,GaCuO2,0.98,10.5,5.84,0.4438095238095238,6.0445,45.4020845614,0
mp-7288,Sc2SO2,2.01,18.37,6.36,0.6537833424060968,3.7155,137.625530427,2
mp-3642,ScCuO2,2.33,14.02,5.91,0.5784593437945792,4.4708,104.367781133,2
mp-28166,K3BrO,0.89,15.68,3.01,0.8080357142857143,2.3947,147.838688724,2
mp-541044,CsYO2,2.85,20.77,4.08,0.8035628310062591,5.5604,151.59639248,2
mp-8098,InGaO3,1.34,13.02,4.62,0.6451612903225807,6.4553,119.63536627,0
mp-14070,RbAlO2,3.37,24.01,2.79,0.883798417326114,3.5914,133.576238864,2
mp-4187,Ge2N2O,2.6,7.73,4.13,0.4657179818887451,4.4144,142.39547280000002,2
mp-867194,Sr(MgAs)2,1.35,15.39,8.85,0.4249512670565302,3.731,127.321805957,0
mp-28797,YHSe,1.51,14.74,8.77,0.4050203527815468,5.5585,50.4528153528,0
mp-10572,NaPN2,4.68,9.91,4.02,0.5943491422805247,3.0849,88.25302281409999,2
mp-753594,BiOF,2.64,14.74,5.09,0.6546811397557666,8.6599,93.565029272,0
mp-20015,As2PbO6,2.14,19.88,4.53,0.7721327967806841,6.2959,119.488631323,0
mp-3614,KTaO3,2.1,8.81,5.48,0.3779795686719636,6.7963,65.4917138563,0
mp-555123,KMnF3,2.66,13.39,2.22,0.8342046303211351,3.2353,77.5180248574,2
mp-28994,KLi2As,0.6900000000000001,11.93,6.39,0.4643755238893546,2.2243,190.964344757,1
mp-23036,K2SeBr6,1.69,21.27,4.18,0.8034790785143394,3.4355,307.69390907,1
mp-19225,FeAgO2,1.13,13.49,7.24,0.4633061527057079,6.2769,51.7750344616,0
mp-557938,HfVF6,3.22,4.52,2.18,0.5176991150442478,4.0773,139.861541943,2
mp-6948,KNaO,2.13,15.8,3.23,0.7955696202531646,2.5097,103.332321149,2
mp-8922,Cd(SbO3)2,1.41,11.29,4.24,0.6244464127546502,6.2011,121.016391273,0
mp-558838,NiPtF6,2.04,5.08,3.22,0.3661417322834646,5.9942,101.877956171,0
mp-560976,KNiF3,4.55,7.24,2.33,0.6781767955801105,3.8147,67.3780041588,2
mp-4824,NaZnP,0.91,18.7,9.45,0.4946524064171123,3.4538,114.757009818,0
mp-5782,AlAgS2,1.9,8.44,5.76,0.3175355450236967,3.8017,173.815312563,0
mp-8751,RbLiS,2.75,8.91,3.77,0.5768799102132435,2.852,144.939821131,2
mp-16763,KYTe2,1.3,13.64,6.54,0.5205278592375366,4.3924,144.871048742,0
mp-8818,Ca2ZnN2,0.76,15.99,6.34,0.6035021888680425,3.5217,81.8321248491,0
mp-15794,LiYSe2,1.52,21.15,6.79,0.6789598108747045,4.505,93.5466949283,0
mp-8752,Na4CdP2,0.74,9.84,6.1,0.3800813008130081,2.3413,188.886353016,1
mp-9821,RbSbF6,4.88,5.92,1.97,0.6672297297297297,3.7293,143.026223669,2
mp-3924,LiNbO2,1.58,16.46,8.7,0.4714459295261239,5.5269,79.2237812747,0
mp-8703,Na3SbSe4,0.98,16.95,6.02,0.6448377581120944,3.8802,216.809142822,1
mp-3524,LiPN2,3.8,9.37,4.24,0.5474919957310566,2.8744,76.17212602,2
mp-10246,Na2PtS2,1.14,12.29,6.24,0.4922701383238405,4.8993,206.869813678,0
mp-8720,Rb2MnTe2,0.96,8.78,4.71,0.4635535307517085,3.8903,410.688847296,1
mp-541989,Na2CN2,3.04,6.69,2.71,0.5949177877428998,2.1584,66.1665429517,2
mp-9731,RbAuSe,1.73,10.88,4.43,0.5928308823529411,5.6183,213.635616889,0
mp-7642,K2AgAs,1.07,12.68,6.98,0.4495268138801262,3.4992,247.702928133,1
mp-755293,Sr4Sb2O,0.98,19.13,8.54,0.5535807631991636,4.6345,218.560316421,0
mp-25010,NaMnO2,1.25,27.41,4.45,0.8376504925209778,4.0156,90.9141641963,2
mp-8446,K2CuP,1.14,12.75,6.52,0.4886274509803922,2.6927,213.017966565,1
mp-7770,Sr(ZnAs)2,0.26,24.72,15.47,0.3741909385113269,5.3007,115.351887318,0
mp-553303,CsCu3O2,1.46,9.24,4.58,0.5043290043290043,4.5192,130.64288097899998,0
mp-27827,Rb2TiCl6,2.15,8.62,3.07,0.6438515081206497,2.6633,269.033096519,1
mp-11719,K4ZnP2,0.95,8.63,4.69,0.4565469293163383,1.9231,244.978475395,1
mp-4784,CaPtO3,1.28,14.04,7.31,0.4793447293447294,7.918,118.765053164,0
mp-697096,Na2H4Pt,2.11,7.32,3.45,0.5286885245901639,4.3284,94.0255767943,2
mp-7910,Al2HgTe4,1.11,13.59,9.41,0.307579102281089,5.3715,236.478187199,0
mp-13610,ZnPbF6,1.96,7.55,2.91,0.614569536423841,5.3202,120.656535658,0
mp-14091,AlAgSe2,1.14,9.7,7.05,0.2731958762886598,4.7915,202.942144661,0
mp-6960,Rb2SiAs2,0.96,10.75,6.18,0.4251162790697674,3.4466,336.161656856,1
mp-15684,K2CuAs,1.07,12.71,6.9,0.4571203776553894,3.1512,228.341388772,1
mp-555359,KMnF3,2.78,9.96,2.23,0.7761044176706827,3.2591,153.902782775,2
mp-22975,Rb2TeCl6,2.64,10.94,3.12,0.7148080438756856,2.9185,290.881888507,1
mp-697044,Ba2H6Os,1.97,11.68,4.42,0.6215753424657534,5.8346,134.029685361,0
mp-8830,NaRhO2,1.38,10.99,6.92,0.370336669699727,5.8147,45.0922263771,0
mp-935811,KNbO3,1.42,7.94,6.89,0.1322418136020151,4.4746,66.7983340336,0
mp-9583,K2ZnF4,4.3,9.06,2.15,0.7626931567328918,3.2051,113.756134437,2
mp-8235,K2SiP2,1.21,10.27,5.47,0.4673807205452775,2.0119,277.70435733700003,1
mp-9198,Fe(SiP)4,1.02,20.85,17.0,0.184652278177458,3.359,144.392223377,0
mp-10919,Rb2PtC2,1.14,11.98,6.4,0.4657762938230383,4.7597,136.075277535,0
mp-14232,LiBO2,7.28,8.16,2.93,0.6409313725490197,2.797,59.0698771801,2
mp-29750,CsMgBr3,4.04,10.89,2.97,0.7272727272727272,3.7586,350.718440945,1
mp-27837,NaHF2,6.8100000000000005,4.9,1.7000000000000002,0.6530612244897959,2.0727,49.6664656215,2
mp-510625,CrCuO2,1.67,9.9,7.25,0.2676767676767677,5.3219,46.0357198473,0
mp-4043,NbCu3Se4,1.36,7.74,7.38,0.0465116279069767,5.3453,186.213332176,0
mp-29091,Ti(CuS)4,1.43,10.78,9.83,0.0881261595547309,4.5467,157.14994218799998,0
mp-5811,CsPbF3,2.92,23.83,2.9,0.878304657994125,5.5963,117.828085341,2
mp-9306,Sr2ZnN2,0.74,17.84,6.28,0.647982062780269,4.5869,97.2506463233,0
mp-4979,AlCuS2,1.69,8.68,6.62,0.2373271889400922,3.4358,149.485112152,0
mp-4452,Cd(GaS2)2,2.11,9.52,5.82,0.388655462184874,3.8194,165.252802325,0
mp-34337,H4NCl,4.93,7.32,2.79,0.6188524590163934,1.524,58.2808730263,2
mp-3980,LiSbF6,4.93,5.51,2.01,0.6352087114337568,3.5645,113.055815972,2
mp-8277,Sr(CdP)2,0.71,22.74,12.15,0.4656992084432718,5.0832,122.302990793,0
mp-561238,AlFeF5,4.38,6.65,2.13,0.6796992481203007,3.421,86.3125774786,2
mp-581024,CsK2Sb,0.86,19.59,7.64,0.6100051046452272,3.2905,167.981709351,1
mp-6984,K2SiAs2,1.0,11.18,6.38,0.4293381037567084,2.7787,306.118446786,1
mp-4541,NaCuO2,0.49,9.15,5.79,0.3672131147540983,4.0711,48.3484116631,0
mp-7233,La2SeO2,2.41,16.76,5.44,0.675417661097852,6.1741,104.565316981,0
mp-553896,K3MoF6,3.35,2.7,2.02,0.2518518518518518,2.7852,195.093502563,1
mp-643101,Rb2H6Pt,4.06,5.76,2.67,0.5364583333333334,3.8879,158.910959005,2
mp-4666,CdSiP2,1.43,13.52,10.82,0.1997041420118343,3.8696,173.74811502,0
mp-3161,LiAlSi,0.11,19.23,15.55,0.1913676547061882,1.9667,52.3552505341,0
mp-13097,NaZnAs,0.36,26.94,16.71,0.3797327394209354,4.3121,125.764931202,0
mp-697030,Mg2H6Ru,3.07,18.15,5.3,0.7079889807162535,3.5296,73.2629638766,2
mp-7939,NaNbSe2,0.5,14.41,12.35,0.1429562803608605,5.4411,167.143722913,0
mp-23736,LiMgH3,4.05,10.97,3.95,0.6399270738377392,1.2044,94.4916343258,2
mp-561800,KCrO2,2.93,9.64,4.38,0.5456431535269709,4.0272,50.75435767810001,2
mp-28069,Ca3AsCl3,1.84,11.24,4.46,0.603202846975089,2.5861,193.59488301,2
mp-570213,LiMgBi,0.36,25.05,19.53,0.2203592814371257,4.9655,80.3345053103,0
mp-19448,Ni3TeO6,1.69,10.07,4.73,0.5302879841112215,6.179,107.408417319,0
mp-4342,KNbO3,1.48,12.26,5.68,0.5367047308319739,4.3653,68.4707479205,0
mp-23067,K2PdCl6,1.2,9.85,3.5700000000000003,0.6375634517766497,2.6479,249.162307533,1
mp-773137,KCaBi,0.8300000000000001,14.75,7.33,0.5030508474576271,3.8127,251.000454806,1
mp-9200,K3AuO,0.56,13.99,4.96,0.6454610436025732,3.6449,150.46282867,0
mp-9819,RbAsF6,5.07,5.51,1.95,0.6460980036297641,3.4149,133.420951831,2
mp-23891,NaHO,2.8,4.89,2.34,0.5214723926380368,1.9587,67.8169678758,2
mp-4511,La2SO2,3.06,16.88,5.12,0.6966824644549763,5.7002,99.5935073244,2
mp-15788,LiYS2,1.92,21.16,5.84,0.724007561436673,3.2349,82.1135666997,2
mp-4730,Ga2HgSe4,0.92,14.14,8.78,0.379066478076379,5.7151,190.57992473,0
mp-3915,BaHgO2,2.27,8.38,3.56,0.5751789976133651,6.1311,100.188765947,0
mp-3432,ScNiSb,0.27,22.4,18.37,0.1799107142857143,6.5614,57.0456402781,0
mp-4495,KLiTe,2.41,8.86,4.49,0.4932279909706547,3.1484,183.162716255,2
mp-30247,Mg(HO)2,4.18,7.14,2.62,0.6330532212885154,2.3041,42.030760731,2
mp-867339,CsK2Bi,0.3,22.89,11.57,0.4945391000436872,3.9329,177.36958558599997,0
mp-29398,Cs2HfI6,2.21,12.36,3.8,0.6925566343042072,4.6293,432.491164176,1
mp-12992,BaTiO3,1.73,11.5,5.89,0.4878260869565217,5.7286,67.5951494724,0
mp-12894,Y2SO2,2.99,15.09,5.1,0.6620278330019881,4.7892,83.8633643847,2
mp-22957,SrClF,5.94,9.85,2.86,0.7096446700507615,3.8447,122.719854364,2
mp-557772,CsNiF3,5.36,17.7,2.31,0.8694915254237289,4.4889,183.921658899,2
mp-15776,Zn(GaSe2)2,1.4,11.03,7.68,0.3037171350861287,4.9239,175.603563675,0
mp-8280,Ba(MgAs)2,1.07,17.0,9.46,0.4435294117647059,4.0403,138.006571704,0
mp-961685,NaCaAs,1.58,10.71,6.53,0.3902894491129784,2.709,84.5834207313,2
mp-30056,CsCaBr3,4.39,19.82,2.97,0.8501513622603432,3.5626,192.360634404,2
mp-10485,BaLiSb,0.6900000000000001,23.99,10.44,0.5648186744476866,4.5395,194.627052965,0
mp-22304,Cd(InSe2)2,0.95,11.36,7.61,0.3301056338028169,5.153,212.015719252,0
mp-8255,CaPtF6,2.64,4.96,2.46,0.5040322580645161,4.5747,126.733866901,2
mp-28145,Rb2PdCl6,1.29,7.12,3.41,0.5210674157303371,3.0841,263.852600006,1
mp-33880,Sr(GaTe2)2,0.29,15.73,9.68,0.3846153846153846,5.1368,238.395336034,0
mp-3810,Hg(AsO3)2,0.71,14.48,5.13,0.6457182320441989,6.8143,108.787065202,0
mp-5621,NbCu3S4,1.66,6.73,6.41,0.0475482912332838,4.0545,168.64675208100002,0
mp-4782,CaSnF6,5.41,4.91,1.94,0.604887983706721,3.0769,147.21046190799998,2
mp-540584,K2PdO2,1.37,10.13,4.29,0.5765054294175715,4.2263,85.1080314014,0
mp-7575,LiZnN,0.51,20.4,10.54,0.4833333333333333,4.7688,30.0596181665,0
mp-13658,RbNO3,3.09,8.53,2.29,0.731535756154748,2.9506,165.990206781,2
mp-3759,MgGeO3,3.65,11.41,3.67,0.6783523225241017,4.7642,101.029924467,2
mp-29529,NaSnP,0.58,16.31,10.61,0.3494788473329246,3.6519,157.033664154,0
mp-571461,K4ZnAs2,0.73,8.87,5.11,0.4239007891770011,2.353,262.257453424,1
mp-23009,Ca2BrN,2.43,14.39,4.96,0.655316191799861,3.4714,83.26531849439999,2
mp-10474,NaPF6,7.01,3.34,1.67,0.5,2.2649,123.135005089,2
mp-37091,Sr(AlTe2)2,1.45,12.95,7.34,0.4332046332046332,4.5216,239.439390543,1
mp-28650,CsBr2F,1.75,5.95,3.5,0.411764705882353,3.6392,142.235436477,0
mp-7502,K2Sn2O3,1.23,10.63,4.88,0.5409219190968956,3.8411,157.191302707,0
mp-8622,Rb2PtSe2,1.0,10.15,5.88,0.4206896551724137,5.685,153.043231204,0
mp-36248,H4BrN,4.05,7.56,3.06,0.5952380952380952,2.4273,67.0025189751,2
mp-752753,SbO2F,1.43,12.54,4.26,0.6602870813397129,5.4348,105.566150422,0
mp-23737,KMgH3,2.46,9.45,3.55,0.6243386243386244,1.6934,65.1378453638,2
mp-19218,Sr3Fe2O5,0.86,16.85,4.58,0.7281899109792284,4.9876,151.332153385,0
mp-4763,ZnSiP2,1.36,12.42,10.53,0.1521739130434782,3.3325,154.878270671,0
mp-15988,Li2CuSb,0.45,28.8,19.9,0.3090277777777778,5.2071,63.5201011857,0
mp-8290,BaSnF6,4.99,10.45,2.35,0.7751196172248804,4.8769,125.990227773,2
mp-561317,Rb2NiF4,4.71,6.38,2.25,0.6473354231974922,4.2282,120.026353345,2
mp-8430,KLiS,3.06,8.68,3.66,0.5783410138248848,1.9648,132.0110034,2
mp-5858,CdPtF6,2.19,5.55,3.02,0.4558558558558558,5.8838,118.951338278,0
mp-8017,AlCuTe2,1.02,11.7,10.05,0.141025641025641,5.1293,223.849655618,0
mp-23475,Rb2PbCl6,1.25,10.19,3.07,0.6987242394504417,3.371,291.040697085,1
mp-510624,SrFeO3,0.33,70.86,53.41,0.2462602314422805,5.3113,59.8597533517,0
mp-28163,K2PdF4,1.87,6.09,2.29,0.6239737274220033,3.3336,129.813807677,2
mp-15704,BeSiN2,3.56,8.53,4.57,0.4642438452520516,3.1929,67.7259119311,2
mp-3159,Al2CdSe4,2.0,9.31,6.16,0.3383458646616541,4.2576,188.090225186,0
mp-643257,K2H4Pd,2.65,6.09,2.81,0.5385878489326765,2.3371,134.035703435,2
mp-22947,K2ReCl6,1.08,11.84,3.03,0.7440878378378379,3.0729,257.817865262,1
mp-24205,SrHI,3.59,7.37,3.87,0.4748982360922659,4.157,172.186710494,2
mp-760403,CaCd3O4,0.19,20.01,6.07,0.6966516741629185,6.646,110.263002358,0
mp-7089,KMgSb,1.27,12.97,7.82,0.3970701619121048,3.1348,196.168389065,1
mp-8207,Zn(PtO2)3,0.31,18.6,15.76,0.1526881720430107,10.608,116.872282502,0
mp-10163,NaAlTe2,1.28,17.85,7.51,0.5792717086834733,4.2691,237.401454846,1
mp-19292,Co(AsO3)2,1.98,11.96,4.45,0.6279264214046822,5.4184,93.4008784661,0
mp-28554,Ca2AsI,1.56,13.48,6.24,0.5370919881305638,3.7098,126.215828814,0
mp-7435,KCuSe,0.18,52.03,45.99,0.1160868729579089,4.0378,149.378019039,0
mp-644225,Sr2MgH6,2.73,17.36,4.7,0.7292626728110599,3.1064,109.900729525,2
mp-9295,TaCu3Te4,1.14,9.73,9.15,0.0596094552929085,6.8225,214.668405743,0
mp-24204,CaHI,3.53,7.83,4.1,0.4763729246487867,3.6489,152.89183236,2
mp-867192,Sr2AsAu,0.5,40.06,22.62,0.4353469795307039,6.5728,112.962180107,0
mp-22607,Zn(InSe2)2,0.99,11.5,7.8,0.3217391304347826,5.1062,198.666583845,0
mp-570099,RbVBr3,0.58,14.88,3.5,0.7647849462365591,3.8813,321.835093603,1
mp-8978,CsNbN2,1.52,27.92,7.66,0.7256446991404012,4.6221,182.383701873,0
mp-6951,RbCdF3,3.17,15.1,2.39,0.8417218543046359,4.6354,91.3029917631,2
mp-34903,MgGeP2,1.5,12.04,9.61,0.2018272425249169,2.926,180.334180033,1
mp-38220,RbNO3,3.01,5.15,2.13,0.5864077669902912,2.5917,188.978123809,2
mp-9791,Tl3AsS3,1.22,22.38,8.48,0.6210902591599643,6.378,204.180208659,0
mp-4651,SrTiO3,1.85,7.8,6.43,0.1756410256410256,4.972,122.558549532,0
mp-561078,Rb2CoF6,1.18,7.02,2.38,0.6609686609686609,3.4367,166.14508040299998,2
mp-27409,RbNiBr3,0.47,10.53,4.15,0.6058879392212726,4.2319,301.255838195,1
mp-4555,Ca(AsO3)2,3.29,10.65,3.63,0.6591549295774647,4.3954,108.015811253,2
mp-867168,Sr2SbAu,0.62,35.08,22.35,0.362884834663626,6.5637,124.968854511,0
mp-23024,SrBrF,5.0,10.1,3.18,0.6851485148514852,4.5557,135.974467561,2
mp-4026,KCrS2,1.16,11.64,7.74,0.3350515463917525,3.1154,82.7303739859,0
mp-5606,AlTlF4,4.25,96.91,2.71,0.9720359096068518,5.7617,88.5804580683,2
mp-8812,Rb2GeF6,5.97,5.98,1.95,0.6739130434782609,3.5695,166.337051861,2
mp-8799,RbNaS,2.29,9.21,3.59,0.6102062975027144,2.7175,171.730222832,2
mp-5928,Al2CdS4,2.73,8.23,5.01,0.3912515188335358,2.9998,163.082913037,2
mp-5339,CsNaTe,1.97,9.21,4.32,0.530944625407166,3.7758,249.356623052,1
mp-29208,Ca(MgBi)2,0.39,24.24,16.75,0.308993399339934,5.4425,154.580044147,0
mp-7437,KZnP,0.84,13.05,8.52,0.3471264367816092,2.9932,150.288740222,0
mp-5962,NaMgAs,0.95,18.56,8.31,0.5522629310344828,2.8824,140.81852416200002,0
mp-18966,FeAgO2,1.17,13.44,7.22,0.462797619047619,6.2889,103.352623251,0
mp-18814,MnCO3,3.46,8.89,3.19,0.641169853768279,3.5473,107.615851356,2
mp-16236,KAgSe,0.48,18.25,7.08,0.6120547945205479,4.6267,162.18172641799998,0
mp-28591,Na4HgP2,0.88,10.11,6.0,0.4065281899109793,3.1322,187.934788438,1
mp-5077,NaLi2Sb,0.68,17.48,9.26,0.4702517162471396,3.2813,80.2753643666,0
mp-28627,K4Br2O,0.99,11.22,2.7,0.7593582887700534,2.4018,229.675489278,1
mp-10086,YSF,1.31,17.56,5.82,0.6685649202733486,4.6852,99.2124718478,0
mp-8276,Sr(ZnP)2,0.8300000000000001,19.78,11.15,0.4362992922143579,4.4528,104.541084512,0
mp-21855,VCu3Se4,0.8200000000000001,9.0,8.23,0.0855555555555555,5.1309,180.413844393,0
mp-3970,K2TiF6,4.73,10.09,2.26,0.77601585728444,2.8478,139.974828564,2
mp-7421,KZnAs,0.28,40.07,34.68,0.1345145994509608,3.6213,164.528162091,0
mp-19147,NiCO3,3.4,6.85,3.53,0.4846715328467153,4.2338,93.1106944322,2
mp-8217,Cs2GeF6,6.03,5.73,2.02,0.6474694589877835,3.8941,192.930065733,2
mp-3668,CdGeP2,0.65,16.12,13.44,0.1662531017369727,4.428,185.246443392,0
mp-29149,Li4NCl,1.76,10.03,4.04,0.5972083748753739,1.6643,77.0434999121,2
mp-2894,ScSnAu,0.12,23.01,21.44,0.0682312038244241,8.6353,69.349296677,0
mp-20042,TlInS2,0.47,45.63,9.85,0.7841332456717072,6.4014,198.867442916,0
mp-19299,CrBO3,2.3,8.5,4.71,0.4458823529411764,4.0465,90.9383415336,2
mp-5380,Ca4P2O,1.27,31.26,7.37,0.7642354446577095,2.5742,153.695226537,2
mp-7824,K2ReF6,1.7000000000000002,8.58,2.25,0.7377622377622378,4.3277,145.191425164,2
mp-33985,Ba(InTe2)2,0.87,14.13,8.64,0.3885350318471337,5.3178,273.966034187,1
mp-19378,CrAgO2,1.66,10.13,7.13,0.2961500493583415,6.2808,50.7257430954,0
mp-644203,CsCaH3,3.15,9.46,3.42,0.6384778012684988,2.9409,99.3835407905,2
mp-9125,Ca(SbO3)2,2.69,9.79,3.58,0.634320735444331,5.0366,125.148802682,2
mp-5860,K2HgO2,2.08,6.88,3.05,0.5566860465116279,4.5661,113.020745586,2
mp-19384,Ni(AsO3)2,2.24,10.78,4.29,0.6020408163265306,5.5014,91.9188691317,0
mp-7752,Sr3SbN,0.26,38.53,12.06,0.6869971450817545,4.6645,141.909754456,0
mp-7562,TaTl3S4,2.53,20.09,6.32,0.6854156296665007,6.3536,241.054144252,0
mp-5955,NaSbF6,4.89,3.47,1.73,0.5014409221902016,2.8286,151.89105233200002,2
mp-22978,Rb2MnCl4,1.29,11.03,2.85,0.7416137805983681,2.8697,212.750265603,1
mp-27833,Tl2TeCl6,2.5700000000000003,5.15,3.94,0.2349514563106796,4.4566,279.104188091,1
mp-555403,K3WF6,2.62,2.6,2.01,0.2269230769230769,3.5016,196.858786167,1
mp-27361,Nb(SeCl)2,0.98,6.63,5.36,0.1915535444947209,3.9846,268.167747347,1
mp-8212,Cd(PtO2)3,0.23,19.26,17.37,0.0981308411214953,10.7682,122.385863624,0
mp-8579,Ba(AgS)2,0.88,19.77,7.51,0.620131512392514,5.6107,123.472301588,0
mp-10550,SrMg2N2,1.69,18.54,6.17,0.6672060409924487,3.7066,73.5796212004,2
mp-9384,CsAu3S2,2.35,14.52,4.66,0.6790633608815427,6.5117,200.930567238,0
mp-7041,CaHgO2,2.13,7.97,4.13,0.4818067754077791,6.265,72.2705405905,0
mp-8756,KLiSe,2.52,8.85,4.03,0.5446327683615819,2.7662,150.086080045,2
mp-556953,RbPS3,1.83,7.73,3.46,0.5523932729624838,2.291,308.224888021,1
mp-9244,LiBC,0.85,17.14,11.67,0.3191365227537923,2.1384,46.2214122348,0
mp-614013,CsSnI3,0.46,169.58,7.35,0.956657624719896,4.2268,248.410750073,0
mp-9126,Sr(SbO3)2,2.78,9.47,3.45,0.6356916578669481,5.2304,135.60552557399998,2
mp-10418,RbSbO2,2.25,10.48,3.47,0.6688931297709924,4.4129,180.03815875200002,2
mp-27891,Bi2SO2,0.8200000000000001,259.32,10.73,0.958622551287984,8.7376,183.209972012,3
mp-3098,AlCuO2,1.81,9.6,5.5600000000000005,0.4208333333333333,4.9812,81.6913315587,0
mp-7027,InBO3,2.65,10.11,3.68,0.636003956478734,5.2949,108.903679754,2
mp-33588,Ca2NF,1.69,18.06,4.58,0.7464008859357697,2.9862,125.850379411,2
mp-8278,Ba(MgP)2,1.14,16.32,8.42,0.4840686274509804,3.2355,127.222874653,0
mp-569779,ScSbPd,0.28,21.3,18.17,0.1469483568075117,6.9973,64.818636321,0
mp-34293,CsTaN2,2.15,16.94,6.24,0.6316410861865407,6.4684,175.528464161,0
mp-7938,KNbS2,0.81,12.25,10.62,0.1330612244897959,3.9658,164.241127589,0
mp-36111,LiMgP,1.54,11.86,6.97,0.4123102866779089,1.8977,54.4434692514,2
mp-9820,CsAsF6,5.22,4.91,1.99,0.594704684317719,3.5958,148.614724815,2
mp-866818,Ca2SnS4,1.08,9.0,5.48,0.3911111111111111,3.0025,180.90831605,1
mp-27362,Nb(SCl)2,1.51,5.73,4.64,0.1902268760907504,3.0402,248.98152832,1
mp-9911,K3SbS4,2.13,9.39,3.82,0.5931842385516507,2.5015,243.811743071,1
mp-5878,KZnF3,3.69,10.04,2.35,0.7659362549800798,3.8019,70.5258776403,2
mp-13984,CdPdF6,1.78,6.23,3.44,0.4478330658105939,4.7263,116.931251977,0
mp-768368,K4I2O,1.26,7.66,2.96,0.6135770234986945,2.792,253.47731418,1
mp-3595,ZnSiAs2,0.89,15.29,13.52,0.1157619359058208,4.5302,178.36815331900002,0
mp-505297,NbSbRu,0.37,38.63,23.05,0.4033134869272586,8.7904,59.6433663611,0
mp-7848,AlPO4,5.66,3.78,2.14,0.4338624338624338,2.1033,96.280517511,2
mp-557158,CrMoF6,2.59,5.14,2.77,0.4610894941634241,3.8686,112.432270573,2
mp-569066,Cs2PdI6,0.19,12.14,6.43,0.4703459637561779,4.6252,407.003624895,1
mp-7771,Sr(CdAs)2,0.14,149.16,137.1,0.080852775543041,5.7723,132.985849484,3
mp-27849,TiBrN,0.56,49.04,9.18,0.8128058727569332,3.9396,119.518765924,0
mp-28599,Na4Br2O,1.98,9.88,2.99,0.6973684210526315,2.8311,157.0534838,2
mp-27828,Cs2TiCl6,2.23,8.65,2.98,0.6554913294797687,2.9633,294.969368073,1
mp-12954,CuBS2,1.74,9.65,8.35,0.1347150259067357,4.0414,113.795120753,0
mp-570223,CsGeBr3,0.76,11.07,6.55,0.4083107497741643,4.1814,176.822317036,0
mp-3395,SrSeO3,3.7,29.11,3.39,0.8835451734799038,4.4257,161.028712261,2
mp-28237,RbLiBr2,4.32,12.95,2.75,0.7876447876447876,3.1714,264.1166768,2
mp-29342,Ca3PCl3,1.84,10.6,4.37,0.5877358490566038,2.2935,186.48082321400005,2
mp-9899,BaAgP,0.12,42.93,28.2,0.3431167016072676,5.7054,160.759521952,0
mp-23406,Cs2PtCl6,2.1,7.05,2.9,0.5886524822695036,3.7339,299.562596751,1
mp-27830,Cs2SeCl6,2.75,8.14,3.08,0.6216216216216215,3.0464,303.877549929,1
mp-14069,CsAlO2,4.27,15.17,3.23,0.7870797626895187,4.6118,138.18616198799998,2
mp-676284,YAgSe2,0.44,23.63,9.45,0.6000846381718155,5.9344,198.512659336,0
mp-28439,KSc2F7,5.71,8.32,2.42,0.7091346153846154,2.9966,145.180611314,2
mp-5328,CdPS3,1.75,10.37,5.21,0.497589199614272,3.1655,251.335253951,1
mp-7650,RbScO2,3.45,20.92,4.05,0.8064053537284894,4.481,120.377614508,2
mp-556424,RbVF3,2.45,6.42,2.37,0.6308411214953271,4.1112,78.1172771913,2
mp-4497,Si2N2O,4.92,6.24,3.36,0.4615384615384615,2.7342,121.688484888,2
mp-8453,RbNaO,1.99,15.8,3.45,0.7816455696202531,3.6438,113.433621249,2
mp-34418,AgPF6,3.24,4.38,1.88,0.5707762557077626,2.9803,140.873035517,2
mp-19167,Rb2NiO2,2.78,7.32,2.89,0.605191256830601,3.6789,118.091162537,2
mp-558749,RbMnF3,2.94,9.06,2.33,0.7428256070640177,4.0875,80.19313130180001,2
mp-9636,CsSbF6,5.09,5.07,2.0,0.6055226824457594,3.8465,159.151120071,2
mp-23074,BiOF,3.12,16.92,4.92,0.7092198581560283,9.0375,89.6561101478,0
mp-5238,GaCuS2,0.71,11.55,8.9,0.2294372294372294,4.293,152.70087580700002,0
mp-23499,K2SnCl6,2.46,16.44,2.76,0.8321167883211678,2.5349,268.3262271,2
mp-11019,GaCuO2,0.78,10.49,5.84,0.4432793136320305,6.0439,90.8132160928,0
mp-27724,BPS4,2.26,4.06,3.26,0.1970443349753695,1.6116,175.19096376,1
mp-866062,HfSiRu2,0.17,81.95,51.23,0.374862721171446,11.4514,59.2669261749,0
mp-866141,TiFe2Si,0.4,66.11,37.31,0.4356375737407351,6.7581,46.1055761761,0
mp-28110,Rb2PtI6,0.51,10.95,5.15,0.5296803652968036,4.8813,383.525879852,1
mp-4255,Ba(CuS)2,0.51,29.33,10.61,0.638254347084896,5.623,97.0216391342,0
mp-30250,YAgO2,2.42,11.41,4.89,0.5714285714285714,5.5624,136.59096743700002,0
mp-558761,MnSnF6,2.41,5.63,2.25,0.6003552397868561,3.8286,124.754625685,2
mp-9479,Mg(AlSe2)2,1.05,8.1,5.4,0.3333333333333333,3.5796,182.841115369,1
mp-555911,TlAsF6,4.65,11.35,2.33,0.7947136563876652,4.8745,133.97657614,2
mp-7643,K2AgSb,1.19,12.62,7.37,0.4160063391442155,3.6171,282.631329863,1
mp-12442,KAuF6,2.11,6.46,2.47,0.6176470588235294,4.3741,132.890929915,2
mp-9517,SrTiN2,0.79,30.2,8.74,0.7105960264900663,4.5962,118.141832119,0
mp-8613,MnPS3,0.15,10.22,5.72,0.4403131115459882,2.6172,231.060215496,1
mp-558864,CrHgF6,1.42,9.15,3.26,0.6437158469945354,5.1837,117.427480422,0
mp-10165,KAlTe2,1.7000000000000002,9.95,6.1,0.3869346733668342,3.9685,268.86725156,1
mp-7928,K2PtS2,1.23,9.94,5.33,0.4637826961770624,4.4759,125.172743067,0
mp-8407,Li3LaP2,0.61,31.35,12.0,0.6172248803827751,3.4425,106.928026043,0
mp-541899,CsCdBr3,2.9,18.54,3.28,0.8230852211434736,4.3323,371.81580772,1
mp-5033,Tl2SiF6,4.98,16.06,2.49,0.8449564134495642,5.6349,162.324605193,2
mp-3748,AlCuO2,1.8,9.6,5.5600000000000005,0.4208333333333333,4.9823,40.8365105136,0
mp-9571,Ca(ZnAs)2,0.39,24.27,14.4,0.4066749072929542,4.959,107.381716909,0
mp-7100,LaOF,4.57,16.18,3.55,0.7805933250927071,5.8896,98.0647981141,2
mp-7908,Al2ZnTe4,1.63,10.85,8.27,0.2377880184331797,4.7055,222.233336297,0
mp-27635,Rb2SnI6,0.12,19.96,4.75,0.7620240480961924,4.1935,416.188935424,1
mp-5479,RbAlF4,6.88,7.6,2.03,0.7328947368421054,3.5453,88.2616637182,2
mp-752927,LiAgF2,1.6800000000000002,16.27,3.35,0.794099569760295,5.4488,93.1354346394,2
mp-9566,Sr(MgSb)2,0.98,16.35,10.15,0.3792048929663608,4.0839,154.408793178,0
mp-9846,RbCaSb,1.5,12.37,6.18,0.5004042037186742,3.2739,250.86899426,1
mp-8176,RbTlO2,0.85,15.39,5.31,0.6549707602339181,7.5926,70.3895365004,0
mp-8348,TlSbF6,4.33,12.66,2.31,0.8175355450236966,4.9899,146.46445922700002,2
mp-4175,ZnSnP2,0.7000000000000001,15.58,13.09,0.1598202824133504,4.3874,186.23935975,0
mp-7173,ScSbPt,0.64,21.78,19.25,0.1161616161616161,9.1985,65.3124060379,0
mp-3163,BaSnO3,0.37,22.51,5.47,0.7569968902709906,6.87,73.4881375547,0
mp-27546,CaClF,5.67,12.0,3.02,0.7483333333333334,2.9582,106.121853894,2
mp-10616,BaLiAs,0.6000000000000001,25.62,10.45,0.5921155347384855,4.3839,83.0265787329,0
mp-27369,RbGeCl3,3.76,8.45,2.8,0.668639053254438,2.5889,339.235958864,1
mp-8716,K2MnSe2,0.99,9.2,4.37,0.525,3.0848,313.371550817,1
mp-505825,Cs2PtC2,1.27,13.17,6.33,0.5193621867881549,5.3347,150.943202456,0
mp-23054,NaBiO3,1.09,10.54,4.52,0.571157495256167,6.1145,152.063215292,0
mp-27304,K2MnCl6,1.1,9.52,3.46,0.6365546218487395,2.3641,242.913186107,1
mp-570008,Sr3BiN,0.26,46.59,20.08,0.5690062245116978,5.5399,145.627631365,0
mp-5431,BaTeO3,2.71,19.49,3.82,0.8040020523345306,5.293,196.345138902,2
mp-11023,ScAuO2,1.76,15.27,7.15,0.5317616240995415,7.9891,113.871039181,0
mp-9008,RbTeAu,1.11,10.76,6.01,0.441449814126394,5.8371,233.293520545,0
mp-7922,CaPdF6,2.11,5.55,2.68,0.5171171171171172,3.5229,122.78143063,2
mp-29584,K4BeAs2,0.89,8.81,4.68,0.4687854710556186,2.1252,246.318445668,1
mp-4961,Na2HgO2,1.65,7.2,3.62,0.4972222222222222,5.6878,81.3278839809,0
mp-28698,Na4IrO4,0.43,9.04,3.83,0.5763274336283186,4.6135,125.318427463,0
mp-19409,Mn(AsO3)2,1.72,11.93,4.1,0.6563285834031852,5.0475,98.9496042523,0
mp-10644,TaTl3Se4,2.25,21.42,7.29,0.6596638655462185,7.0151,262.739926653,0
mp-9386,CsAu3Se2,2.17,12.26,5.16,0.5791190864600326,7.0371,208.069747575,0
mp-10322,BaHfN2,1.25,29.96,7.27,0.757343124165554,7.8107,146.196611715,0
mp-31454,TaSbRu,0.67,32.43,19.7,0.3925377736663583,11.2886,59.3955999005,0
mp-4081,TaCu3Se4,1.6,7.32,6.99,0.0450819672131147,6.1251,186.375773342,0
mp-29025,Li5Br2N,2.08,8.48,3.73,0.5601415094339622,2.4516,141.23223044600002,2
mp-23048,CsMnBr3,1.29,12.47,3.33,0.7329591018444266,4.0247,352.815798759,1
mp-7434,NaCuTe,0.63,15.49,9.44,0.3905745642349903,5.1731,137.471829036,0
mp-9631,AlAgO2,1.41,10.73,5.84,0.4557315936626281,6.0596,91.4446588756,0
mp-776230,LiFeF4,3.14,8.9,2.46,0.7235955056179776,3.3341,69.1183103414,2
mp-29763,RbMnBr3,1.18,20.51,3.34,0.8371526084836666,3.8057,331.714993516,1
mp-7738,LaSeF,1.73,21.24,6.31,0.702919020715631,6.1259,128.42167015,0
mp-9672,K2NiP2,0.64,13.49,8.63,0.3602668643439585,2.6508,249.1108386,1
mp-28944,BiTeCl,1.51,21.52,7.58,0.6477695167286245,5.4486,226.762800878,0
mp-30847,TiSnPt,0.79,26.32,20.81,0.2093465045592705,9.9257,60.504118955600006,0
mp-20329,InAgO2,0.24,9.2,5.59,0.3923913043478261,6.8315,123.814689708,0
mp-10402,TiTl2F6,3.87,42.08,3.07,0.9270437262357414,6.0578,156.414875046,2
mp-12558,LiMgAs,1.37,12.97,8.02,0.3816499614494988,2.9398,59.9678400762,0
mp-7430,Ca(CdSb)2,0.11,51.78,39.14,0.2441096948628814,5.6982,148.159474079,0
mp-6973,CsNaS,2.41,9.7,3.84,0.6041237113402063,3.3366,187.083862155,2
mp-9010,RbAuS,1.99,12.2,4.16,0.659016393442623,5.347,195.338694946,0
mp-7472,RbAuO2,1.46,5.52,3.5700000000000003,0.3532608695652174,5.6474,184.911034372,0
mp-560008,PNF2,5.62,3.24,2.17,0.3302469135802469,2.1955,125.51713116,2
mp-13949,Cd(GaTe2)2,1.04,13.2,10.02,0.2409090909090909,5.3552,236.359794614,0
mp-30993,LaIO,3.29,12.76,4.47,0.6496865203761755,5.5316,169.192669533,2
mp-27419,LiBiF6,2.54,6.46,2.44,0.6222910216718266,4.7966,114.21073671,2
mp-557519,CaCrF6,1.69,6.06,2.36,0.6105610561056106,2.6813,127.616276931,2
mp-7940,KNbSe2,0.6900000000000001,13.3,11.63,0.125563909774436,5.1353,187.513189273,0
mp-37906,LiMgN,2.27,10.71,5.12,0.5219421101774042,2.3877,31.4712760554,2
mp-8001,LiAlO2,6.12,12.78,3.09,0.7582159624413145,3.2951,33.2199244427,2
mp-8393,Tl3SbS3,1.59,21.36,8.71,0.5922284644194757,6.5087,212.029603771,0
mp-10182,LiZnP,1.34,16.32,10.07,0.3829656862745098,3.5943,47.7213399033,0
mp-11917,Mg(BeN)2,4.07,12.12,4.71,0.6113861386138615,3.0255,38.6080816524,2
mp-5175,NaInO2,1.91,11.07,3.94,0.6440831074977417,5.443,51.8042969552,0
mp-6920,KNO3,2.96,4.9,2.15,0.5612244897959183,2.0551,81.6907056244,2
mp-35311,ZnCrF6,1.55,7.89,2.96,0.6248415716096324,3.6465,105.35723006,2
mp-557373,Cu2WS4,1.55,6.35,6.02,0.0519685039370078,4.6136,158.066776032,0
mp-25005,MnSnO3,0.88,13.04,4.61,0.6464723926380368,5.8438,125.962716353,0
mp-28473,CClF3,6.61,2.22,1.88,0.1531531531531531,1.9182,180.848240017,2
mp-12908,ScAgSe2,0.68,28.61,12.29,0.5704299196085285,5.8244,88.5995389719,0
mp-28302,K4CdP2,0.8200000000000001,8.6,4.94,0.4255813953488372,2.123,258.701091275,1
mp-866132,Na2TlSb,0.38,172.52,36.37,0.7891838627405519,5.5873,110.59291225,3
mp-559161,CrCdF6,1.66,7.01,2.77,0.6048502139800286,3.9403,117.320882552,2
mp-570172,HgIBr,2.35,10.78,3.69,0.6576994434137291,5.1004,265.269309745,1
mp-13903,ZnSnF6,3.71,6.3,2.33,0.6301587301587303,4.2805,115.632603021,2
mp-37153,AgAsF6,1.6800000000000002,4.29,2.29,0.4662004662004662,3.264,150.983219749,2
mp-865101,NaLi2Bi,0.33,25.37,16.51,0.3492313756405202,4.7378,86.16815787690001,0
mp-22937,Na4I2O,2.21,8.27,3.46,0.5816203143893591,3.3637,178.590072444,2
mp-3772,Cd(GaSe2)2,1.35,11.06,7.44,0.3273056057866184,4.9692,189.718519321,0
mp-10748,TaCu3S4,1.92,6.38,6.07,0.0485893416927899,4.8988,169.427157825,0
mp-27418,KAuO2,1.07,9.43,4.31,0.542948038176034,6.5079,68.3992278832,0
mp-9657,LiAsO3,3.39,11.35,3.62,0.681057268722467,4.3003,100.288349423,2
mp-760375,Li3VS4,1.88,4.15,3.16,0.2385542168674698,1.5723,211.22125698,1
mp-32403,Ni(HO)2,3.13,6.06,3.3,0.4554455445544554,3.8648,39.8323760732,2
mp-4608,KPF6,7.02,5.95,1.86,0.6873949579831933,2.7012,113.148591937,2
mp-13983,ZnPdF6,1.59,7.17,4.08,0.4309623430962342,4.5519,104.256598228,0
mp-20282,CsPbF3,3.34,19.98,2.87,0.8563563563563563,5.6809,232.146778386,2
mp-7921,MgPdF6,1.83,5.5600000000000005,3.08,0.4460431654676258,3.94,103.135037648,0
mp-11739,KLaTe2,1.7000000000000002,13.36,6.12,0.5419161676646707,4.5295,158.815464381,0
mp-5513,Tl3VS4,1.95,23.39,7.38,0.6844805472424114,5.821,226.021875283,0
mp-28553,Ca2IN,2.35,15.48,5.67,0.6337209302325582,3.9672,185.059989221,2
mp-10401,Tl2SnF6,4.29,41.75,2.84,0.9319760479041916,6.4804,164.367806089,2
mp-5038,CsGaS2,3.05,10.2,3.62,0.6450980392156863,3.3432,264.985678359,1
mp-31149,Ca3BiN,0.37,34.28,15.9,0.5361726954492415,4.7863,119.075809281,0
mp-2964,NaNO2,2.42,5.27,2.21,0.5806451612903226,2.05,55.8878024349,2
mp-29521,RbBiO2,2.2,12.09,3.84,0.6823821339950372,5.9593,181.926787805,0
mp-23818,BaLiH3,2.21,15.23,4.98,0.6730137885751806,3.7684,64.904612951,2
mp-4266,KAsF6,4.95,6.62,1.95,0.7054380664652568,3.0767,123.05818390000002,2
mp-3654,RbCaF3,6.4,15.28,2.12,0.8612565445026178,3.2886,92.1700424191,2
mp-24964,SrFeO2,0.4,5.14,5.14,0.0,5.0105,58.1500700741,0
mp-7438,KZnSb,0.45,30.09,24.78,0.1764705882352941,3.8549,194.906918266,0
mp-27294,Ca3AsBr3,1.67,11.42,5.01,0.5612959719789843,3.4008,212.33680962,1
mp-30315,Ca3BN3,0.5700000000000001,18.06,5.39,0.7015503875968992,2.7586,104.174976479,2
mp-12317,SrCN2,3.21,8.1,3.15,0.6111111111111112,3.0115,70.38401701640001,2
mp-7639,Na2CuP,0.66,19.18,10.57,0.448905109489051,2.9475,158.307962917,0
mp-28243,RbLiCl2,5.15,12.25,2.52,0.7942857142857144,2.4396,222.317158241,2
mp-4482,NaSbO3,2.7,8.06,3.3,0.5905707196029776,4.7065,136.009912749,2
mp-23038,CsVBr3,0.65,9.64,3.48,0.6390041493775933,4.133,340.35763896,1
mp-8623,K2Te2Pt,0.79,12.08,7.09,0.4130794701986755,5.2056,168.57911100299998,0
mp-27839,K2TiCl6,2.08,12.73,3.21,0.7478397486252946,2.2326,251.964637628,1
mp-9144,LiAsF6,5.14,5.96,2.01,0.662751677852349,3.1957,101.765351391,2
mp-557257,KVF3,2.07,8.59,2.26,0.7369033760186263,3.2365,75.4392421678,2
mp-28075,K2Ti2O5,3.23,11.38,3.55,0.68804920913884,2.8954,145.626514668,2
mp-29151,Li5NCl2,1.94,11.54,3.65,0.6837088388214905,1.7831,111.383469972,2
mp-7067,Ca(CdAs)2,0.22,52.52,39.5,0.2479055597867479,5.529,124.561649428,0
mp-8714,Rb2MnS2,1.11,9.06,4.0,0.5584988962472406,3.1503,305.713449296,1
mp-8861,Rb2MgF4,6.23,6.46,2.11,0.673374613003096,3.7681,119.527262208,2
mp-760417,Rb4I2O,0.85,8.7,2.94,0.6620689655172414,3.4196,297.020976124,1
mp-24292,Sr2H6Ru,2.23,11.02,4.28,0.6116152450090745,4.2165,111.198042638,2
mp-10226,NaYS2,2.28,14.12,5.15,0.6352691218130312,3.1704,92.1904672419,2
mp-552729,KIO3,2.5700000000000003,11.11,3.59,0.6768676867686768,3.8199,93.0260659574,2
mp-16764,RbYTe2,1.36,13.34,6.42,0.5187406296851574,4.6875,304.35078255,1
mp-8621,K2PtSe2,0.93,10.71,6.05,0.4351073762838468,5.0937,140.575607305,0
mp-9565,Ca(MgSb)2,0.79,17.54,10.65,0.3928164196123147,3.8123,144.701063515,0
mp-27882,Cs2GeCl6,2.21,7.16,2.73,0.6187150837988826,3.0962,295.593680785,1
mp-27315,CaTiF6,4.61,6.38,2.13,0.6661442006269592,2.3198,144.548637928,2
mp-7569,KAsF6,4.9,6.54,1.95,0.7018348623853211,3.0632,123.600595313,2
mp-20727,Sb2PbO6,1.93,17.16,4.45,0.7406759906759908,6.6198,137.140241939,0
mp-11020,GaAgO2,0.58,11.44,6.13,0.4641608391608391,6.9295,100.450656444,0
mp-11824,Ca3PN,0.8,50.66,8.74,0.8274772996446902,2.5998,105.524213835,2
mp-23021,K2ReBr6,0.97,15.25,3.59,0.7645901639344262,4.0488,305.071198753,1
mp-13907,CdSnF6,3.85,5.75,2.26,0.6069565217391305,4.3634,131.33352914600002,2
mp-8279,Ba(CdP)2,0.68,24.56,13.08,0.4674267100977199,5.3509,131.61039277,0
mp-9567,Ba(MgSb)2,0.85,17.37,10.66,0.3862982153137593,4.3075,165.556782139,0
mp-22628,CsNO3,3.07,17.31,2.68,0.8451761987290585,3.4712,186.48538974,2
mp-23046,SrIF,4.31,7.73,3.36,0.5653298835705045,4.5093,171.983336276,2
mp-6980,ScCuS2,0.87,20.71,10.55,0.490584258812168,3.9112,73.2891367846,0
mp-560023,NiSnF6,4.09,5.22,2.34,0.5517241379310345,4.3824,110.411667735,2
mp-9570,Ca(CdP)2,0.8200000000000001,24.41,12.08,0.5051208521097911,4.7455,114.368586279,0
mp-9881,KAuSe,1.82,12.59,4.68,0.6282764098490866,5.3637,195.066458912,0
mp-8399,CsCdF3,3.29,10.11,2.59,0.7438180019782393,5.2839,95.006081547,2
mp-510281,FeCuO2,0.81,14.28,8.22,0.4243697478991596,5.3536,46.9570443648,0
mp-29484,K4HgAs2,0.7000000000000001,8.91,5.38,0.3961840628507295,3.052,275.752469286,1
mp-30925,La(NO2)3,2.2,8.57,3.15,0.632438739789965,3.3445,137.491761837,2
mp-34467,Zn(GaS2)2,1.89,9.5,6.04,0.3642105263157895,3.7051,149.273738952,0
mp-5967,TiCoSb,1.05,31.72,20.48,0.3543505674653215,7.4161,51.1768230712,0
mp-11520,YNiSb,0.3,21.77,18.75,0.138723013321084,6.9429,64.4224554231,0
mp-19308,Li2NiO2,3.71,9.84,3.78,0.6158536585365854,4.0298,86.17978620379999,2
mp-558111,Rb2MnF6,3.3,5.91,2.16,0.6345177664974619,3.4198,165.02600910299998,2
mp-9143,LiPF6,7.54,6.05,1.88,0.6892561983471075,2.6949,93.5981018372,2
mp-28405,S(ClO)2,3.65,3.46,2.18,0.3699421965317919,1.7243,259.940524457,1
mp-23072,BiBrO,2.27,46.77,5.9,0.8738507590335685,7.2943,138.812966256,0
mp-34127,K2NaAs,0.15,15.21,9.94,0.346482577251808,2.1901,267.05613319400004,1
mp-9158,LiCuO2,0.38,17.01,8.22,0.5167548500881833,4.3554,39.0734117375,0
mp-3589,BPO4,7.26,4.91,2.59,0.4725050916496944,2.6535,66.1970001005,2
mp-4547,La2TeO2,2.03,22.08,6.5,0.7056159420289856,6.4368,112.843749189,0
mp-27850,TiNCl,0.56,59.43,8.57,0.8557967356553929,2.9608,109.167894072,2
mp-38117,Ba(GaTe2)2,0.53,13.48,8.72,0.3531157270029673,5.142,254.206639635,0
mp-10492,Rb2SiF6,6.99,5.57,1.88,0.6624775583482944,3.2554,159.662108583,2
mp-36582,NaHS,3.15,8.73,3.3,0.6219931271477662,1.7699,52.5936141464,2
mp-7929,Rb2PtS2,1.25,9.64,5.29,0.4512448132780082,5.2338,136.470599627,0
mp-19340,LiVO2,1.79,16.34,4.8,0.7062423500611995,3.9255,38.0201517138,2
mp-9687,K2PAu,0.95,16.02,6.64,0.585518102372035,4.3592,233.235439658,1
mp-12814,Ba3SbN,0.71,41.81,11.03,0.7361875149485769,5.2895,343.916002602,1
mp-3277,BAsO4,4.26,5.8,3.06,0.4724137931034483,3.4378,72.3230155813,2
mp-30055,Rb3BrO,0.41,23.09,3.46,0.8501515807708965,3.3699,173.60243625,2
mp-4809,Ga2HgS4,1.57,12.24,6.65,0.4566993464052287,4.6853,165.964355413,0
mp-14206,K3Ag3As2,1.25,14.59,7.9,0.4585332419465387,4.242,231.250527124,1
mp-9845,RbCaAs,1.3,13.45,5.94,0.558364312267658,3.0998,214.776125194,1
mp-14791,Ge2Te5As2,0.41,79.7,64.62,0.1892095357590966,6.0816,254.777593365,0
mp-9437,NbFeSb,0.51,45.23,24.82,0.4512491709042671,8.4487,53.1671022082,0
mp-24517,Rb2CaH4,3.3,10.11,2.96,0.7072205736894165,2.3628,151.13152052200002,2
mp-540570,MgVO3,2.69,6.49,3.31,0.4899845916795069,2.8159,145.35508566299998,2
mp-19156,BaMnO3,1.92,15.51,5.15,0.6679561573178594,5.5087,144.85175010700002,0
mp-8547,PdPtF6,0.77,8.18,6.34,0.2249388753056234,6.1405,112.357788101,0
mp-4226,LiCrS2,0.65,17.6,10.24,0.4181818181818181,3.2063,63.7299457353,0
mp-14116,CuRhO2,0.96,13.71,12.16,0.1130561633843909,6.7661,48.7048289846,0
mp-23859,CaHCl,3.84,10.95,3.77,0.6557077625570776,2.4901,102.078233972,2
mp-10161,KZnSb,0.35,29.0,24.12,0.1682758620689655,3.8163,98.4395710757,0
mp-5342,GaAgS2,0.96,10.49,7.2,0.3136320305052431,4.5178,177.685382695,0
mp-9775,NaSrAs,0.81,19.25,9.02,0.5314285714285715,3.7124,248.961681097,1
mp-19833,InAgS2,0.38,13.08,9.33,0.286697247706422,4.703,202.532792999,0
mp-31235,BaNaBi,0.24,24.3,15.27,0.3716049382716049,5.3793,341.996623256,1
mp-23862,BaHI,2.8200000000000003,10.65,4.44,0.5830985915492958,4.9163,179.17406466900002,2
mp-10223,Na2PdS2,0.95,12.58,6.77,0.4618441971383147,3.4926,205.88892883,1
mp-20930,InCuO2,0.24,8.98,5.52,0.3853006681514476,6.1414,56.8794995985,0
mp-10166,NaAlSe2,2.15,14.66,5.58,0.6193724420190996,3.6436,189.510580193,2
mp-4586,LiAlTe2,2.44,8.38,6.14,0.2673031026252983,3.9059,245.831002389,1
mp-27421,RbBiF6,2.62,6.62,2.18,0.6706948640483384,4.4628,151.9710861,2
mp-8405,Li3LaSb2,0.2,31.22,16.21,0.4807815502882767,4.8045,139.372900594,0
mp-2918,YCuO2,2.65,11.73,4.88,0.5839727195225916,4.8657,125.897161466,2
mp-557397,K2MnF6,3.27,6.62,2.18,0.6706948640483384,2.8006,146.521753257,2
mp-8147,K2As2Pd,0.65,13.1,8.58,0.3450381679389313,3.79,293.075816445,1
mp-30459,ScNiBi,0.18,26.98,22.95,0.1493699036323202,8.4815,61.2077909007,0
mp-864954,MgMoN2,0.74,16.04,11.79,0.2649625935162095,6.2467,78.82775314220001,0
mp-14088,Rb2PdF6,2.26,6.0,2.25,0.625,3.8362,169.399006685,2
mp-690794,Sr2HN,1.81,21.47,5.6,0.7391709361900326,3.9282,80.4253941195,2
mp-7128,Cd(AsO3)2,1.93,11.72,4.21,0.6407849829351535,5.6726,104.870656905,0
mp-13948,Cs2HfF6,7.23,9.4,2.22,0.7638297872340425,4.9565,187.042907765,2
mp-23060,Cs2PtI6,0.65,9.61,4.8,0.5005202913631633,5.0198,404.333074826,1
mp-766862,Li2VF6,1.93,10.95,2.6,0.7625570776255708,3.1025,95.7033353806,2
mp-9778,K2AgP,1.23,11.84,6.72,0.4324324324324324,3.0927,233.068563652,1
mp-690785,Na2H6Pt,3.61,7.51,3.23,0.5699067909454062,4.0967,100.16103787,2
mp-8192,Rb2PtF6,2.64,6.99,2.36,0.6623748211731044,5.012,159.031109836,2
mp-14092,AlAgTe2,1.05,10.95,8.83,0.1936073059360731,5.1373,252.155065381,0
mp-3038,Al2HgSe4,1.43,12.09,7.19,0.4052936311000827,5.0149,188.88545369,0
mp-578614,NaCrO2,2.91,9.28,4.29,0.5377155172413793,4.1159,43.162275118100005,2
mp-22965,BiTeI,1.27,23.74,9.96,0.5804549283909014,6.151,125.123188833,0
mp-7176,RbLaSe2,2.32,13.09,5.12,0.6088617265087853,4.5667,139.017819828,2
mp-27176,NaMnCl3,2.28,8.55,3.07,0.6409356725146199,2.5463,240.345505594,1
mp-9361,RbLaS2,2.68,13.28,4.61,0.6528614457831325,3.8477,124.507538301,2
mp-5588,BaSiF6,7.42,8.78,2.19,0.7505694760820046,4.2084,110.246828654,2
mp-30058,TlSbO3,2.43,9.31,4.01,0.5692803437164339,6.3314,196.251591676,0
mp-23860,SrHCl,4.04,9.76,3.51,0.6403688524590164,3.4364,119.914287722,2
mp-605034,K2NiF6,2.36,5.5600000000000005,2.3,0.5863309352517985,2.9787,139.856762476,2
mp-568032,Cd(InSe2)2,0.87,11.76,7.67,0.3477891156462585,5.1415,212.493120878,0
mp-696944,LaHBr2,3.6,7.08,3.99,0.4364406779661017,4.5238,220.041363275,2
mp-16238,Li2AgSb,0.14,232.6,212.61,0.0859415305245055,5.473,73.8823059248,3
mp-4405,Rb3AuO,0.21,22.44,6.41,0.714349376114082,4.3968,177.269065066,0
mp-3486,KSnSb,0.26,15.55,12.47,0.1980707395498392,4.0771,227.725015206,0
