,count,mean,std,min,25%,50%,75%,max
band_gap,1056.0,2.119,1.605,0.11,0.89,1.73,2.885,8.32
poly_total,1056.0,14.778,19.435,2.08,7.558,10.54,15.482,277.78
poly_electronic,1056.0,7.248,13.055,1.63,3.13,4.79,7.44,256.84
poly_ionic,1056.0,7.53,12.892,0.0,3.215,4.93,7.92,248.59
n,1056.0,2.435,1.149,1.28,1.77,2.19,2.73,16.03
density,1056.0,4.187,1.669,0.747,3.034,3.93,5.136,11.451
volume,1056.0,166.42,97.425,13.981,96.262,145.945,212.106,597.341
space_group,1056.0,142.971,67.265,1.0,82.0,163.0,194.0,229.0
nsites,1056.0,7.53,3.388,2.0,5.0,8.0,9.0,20.0
